ID;ID Base;Faction;Alteration;Name EN;Name En;Type;Sub-Type;Cost;Recall Cost;Vegetal;Mineral;Aquatic;Effect EN;Echo EN;Artist;Flavor EN;;
ALT_ALIZE_B_AX_01_C;ALT_ALIZE_B_AX_01_C;AX;COMMON;Sierra & Oddball;Sierra & Oddball;HERO;;;;;;;When you play a Permanent with Hand Cost {3} or more — You may exhaust me ({T}) to create a [BRASSBUG] Robot token in target Expedition.;;Taras Susak;"""I don't know if there's a better reward than seeing something you've built come to life.""";;
ALT_ALIZE_B_AX_03_C;ALT_ALIZE_B_AX_03_C;AX;COMMON;Subhash & Marmo;Subhash & Marmo;HERO;;;;;;;At Noon — You may pay {1} and put a card from your hand in Reserve to create a [BRASSBUG] Robot token in target Expedition.;;Taras Susak;There are still endless possibilities, even in a world of finite resources. In the end, it all comes down to how you choose to spend 'em.;;
ALT_ALIZE_B_AX_31_C;ALT_ALIZE_B_AX_31_C;AX;COMMON;Brassbug;Brassbug;TOKEN;ROBOT;;;2;2;2;(If I leave the Expedition zone, remove me from the game.);;Anh Tung;01110001 01110101 01100101 01100101 01101110 00100111 01110011 00100000 01100111 01100001 01101101 01100010 01101001 01110100;;
ALT_ALIZE_B_AX_32_C;ALT_ALIZE_B_AX_32_C;AX;COMMON;The Machine in the Ice;The Machine in the Ice;CHARACTER;ROBOT;1;3;5;3;5;When I go to Reserve from anywhere — Exhaust me ({T}). (Exhausted cards can't be played and have no Support abilities.)  {H} Send me to Reserve.;;Edward Chee & Seok Yeong;A relic left by those who came before.;;
ALT_ALIZE_B_AX_32_R1;ALT_ALIZE_B_AX_32_C;AX;RARE;The Machine in the Ice;The Machine in the Ice;CHARACTER;ROBOT;1;#2#;#4#;#2#;#4#;When I go to Reserve from anywhere — Exhaust me ({T}). (Exhausted cards can't be played and have no Support abilities.)  {H} Send me to Reserve.;;Edward Chee & Seok Yeong;A relic left by those who came before.;;
ALT_ALIZE_B_AX_32_R2;ALT_ALIZE_B_AX_32_C;MU;RARE;The Machine in the Ice;The Machine in the Ice;CHARACTER;ROBOT;1;3;5;3;5;When I go to Reserve from anywhere — Exhaust me ({T}). (Exhausted cards can't be played and have no Support abilities.)  {H} Send me to Reserve.;;Edward Chee & Seok Yeong;A relic left by those who came before.;;
ALT_ALIZE_B_AX_33_C;ALT_ALIZE_B_AX_33_C;AX;COMMON;Rocket Puffin;Rocket Puffin;CHARACTER;ANIMAL;2;2;2;0;3;{J} You may ready an exhausted card in Reserve.;;Anh Tung;Blasting off at the speed of light!;;
ALT_ALIZE_B_AX_33_R1;ALT_ALIZE_B_AX_33_C;AX;RARE;Rocket Puffin;Rocket Puffin;CHARACTER;ANIMAL;2;2;2;0;3;{J} You may ready an exhausted card in Reserve. #If you do, I gain 1 boost.#;;Anh Tung;Blasting off at the speed of light!;;
ALT_ALIZE_B_AX_33_R2;ALT_ALIZE_B_AX_33_C;YZ;RARE;Rocket Puffin;Rocket Puffin;CHARACTER;ANIMAL;2;2;2;0;3;{J} You may ready an exhausted card in Reserve. #If you do, I gain 1 boost.#;;Anh Tung;Blasting off at the speed of light!;;
ALT_ALIZE_B_AX_34_C;ALT_ALIZE_B_AX_34_C;AX;COMMON;The Little Match Girl;The Little Match Girl;CHARACTER;CITIZEN;2;3;3;2;0;{R} If your hand is empty, draw a card.;;Anh Tung;When you're alone in the cold, even the tiniest light can feel like salvation.;;
ALT_ALIZE_B_AX_34_R1;ALT_ALIZE_B_AX_34_C;AX;RARE;The Little Match Girl;The Little Match Girl;CHARACTER;CITIZEN;2;3;3;2;0;{R} If your hand is empty, draw a card. #If your Reserve is empty, draw a card.#;;Anh Tung;When you're alone in the cold, even the tiniest light can feel like salvation.;;
ALT_ALIZE_B_AX_34_R2;ALT_ALIZE_B_AX_34_C;BR;RARE;The Little Match Girl;The Little Match Girl;CHARACTER;CITIZEN;2;3;3;2;0;{R} If your hand is empty, draw a card.;;Anh Tung;When you're alone in the cold, even the tiniest light can feel like salvation.;;
ALT_ALIZE_B_AX_35_C;ALT_ALIZE_B_AX_35_C;AX;COMMON;Vaike, Energy Pioneer;Vaike, Energy Pioneer;CHARACTER;ENGINEER;2;2;2;2;2;You may play exhausted cards from your Reserve.;;Zero Wen;Energy and persistence conquer all things.;;
ALT_ALIZE_B_AX_35_R1;ALT_ALIZE_B_AX_35_C;AX;RARE;Vaike, Energy Pioneer;Vaike, Energy Pioneer;CHARACTER;ENGINEER;2;2;#1#;2;2;You may play exhausted cards from your Reserve.  #{R} $[EXHAUSTED_RESUPPLY].#;;Zero Wen;Energy and persistence conquer all things.;;
ALT_ALIZE_B_AX_35_R2;ALT_ALIZE_B_AX_35_C;YZ;RARE;Vaike, Energy Pioneer;Vaike, Energy Pioneer;CHARACTER;ENGINEER;2;2;#1#;2;2;You may play exhausted cards from your Reserve.  #{R} $[EXHAUSTED_RESUPPLY].#;;Zero Wen;Energy and persistence conquer all things.;;
ALT_ALIZE_B_AX_36_C;ALT_ALIZE_B_AX_36_C;AX;COMMON;Walrus Scout;Walrus Scout;CHARACTER;ANIMAL;3;1;1;1;3;;;Jean-Baptiste Andrier;"""Goo goo g'joob, g'goo goo g'joob""";;
ALT_ALIZE_B_AX_36_R1;ALT_ALIZE_B_AX_36_C;AX;RARE;Walrus Scout;Walrus Scout;CHARACTER;ANIMAL;3;1;1;1;#2#;#{R} You may exhaust ({T}) target card in Reserve.# (Exhausted cards can't be played and have no Support abilities.);;Jean-Baptiste Andrier;"""Goo goo g'joob, g'goo goo g'joob""";;
ALT_ALIZE_B_AX_36_R2;ALT_ALIZE_B_AX_36_C;MU;RARE;Walrus Scout;Walrus Scout;CHARACTER;ANIMAL;3;1;1;1;#2#;#{R} You may exhaust ({T}) target card in Reserve.# (Exhausted cards can't be played and have no Support abilities.);;Jean-Baptiste Andrier;"""Goo goo g'joob, g'goo goo g'joob""";;
ALT_ALIZE_B_AX_37_C;ALT_ALIZE_B_AX_37_C;AX;COMMON;Daring Porter;Daring Porter;CHARACTER;ADVENTURER;3;3;2;3;2;{R} [EXHAUSTED_RESUPPLY]. (Put the top card of your deck in Reserve, then exhaust it {T}. Exhausted cards can't be played and have no Support abilities.);;Zero Wen;Someone has to shoulder the heavy burden of responsibility.;;
ALT_ALIZE_B_AX_37_R1;ALT_ALIZE_B_AX_37_C;AX;RARE;Daring Porter;Daring Porter;CHARACTER;ADVENTURER;3;3;2;3;2;#{J}# [EXHAUSTED_RESUPPLY]. (Put the top card of your deck in Reserve, then exhaust it {T}. Exhausted cards can't be played and have no Support abilities.);;Zero Wen;Someone has to shoulder the heavy burden of responsibility.;;
ALT_ALIZE_B_AX_37_R2;ALT_ALIZE_B_AX_37_C;YZ;RARE;Daring Porter;Daring Porter;CHARACTER;ADVENTURER;3;3;2;3;2;#{J}# [EXHAUSTED_RESUPPLY]. (Put the top card of your deck in Reserve, then exhaust it {T}. Exhausted cards can't be played and have no Support abilities.);;Zero Wen;Someone has to shoulder the heavy burden of responsibility.;;
ALT_ALIZE_B_AX_38_C;ALT_ALIZE_B_AX_38_C;AX;COMMON;Flawed Prototype;Flawed Prototype;CHARACTER;ROBOT;4;4;5;5;5;{J} Sacrifice another Robot or Permanent. If you can't, sacrifice me.;;Zael;"""If we could just find a substitute for the missing parts, we could make it work.""";;
ALT_ALIZE_B_AX_38_R1;ALT_ALIZE_B_AX_38_C;AX;RARE;Flawed Prototype;Flawed Prototype;CHARACTER;ROBOT;4;4;5;5;5;{J} Sacrifice another Robot or Permanent. #If its Hand Cost was {3} or more, I gain 3 boosts.# If you can't, sacrifice me.;;Zael;"""If we could just find a substitute for the missing parts, we could make it work.""";;
ALT_ALIZE_B_AX_38_R2;ALT_ALIZE_B_AX_38_C;MU;RARE;Flawed Prototype;Flawed Prototype;CHARACTER;ROBOT;4;4;5;5;5;{J} Sacrifice a #Plant# or Permanent. If you can't, sacrifice me.;;Zael;"""If we could just find a substitute for the missing parts, we could make it work.""";;
ALT_ALIZE_B_AX_39_C;ALT_ALIZE_B_AX_39_C;AX;COMMON;Vishvakarma;Vishvakarma;CHARACTER;DEITY;5;5;3;3;3;{J} The next Permanent you play this Afternoon costs {4} less.;;Taras Susak;Each construction is a poem, and building is an act of eloquence.;;
ALT_ALIZE_B_AX_39_R1;ALT_ALIZE_B_AX_39_C;AX;RARE;Vishvakarma;Vishvakarma;CHARACTER;DEITY;#4#;#4#;#2#;#2#;#2#;{J} The next Permanent you play this Afternoon costs #{3} less#.;;Taras Susak;Each construction is a poem, and building is an act of eloquence.;;
ALT_ALIZE_B_AX_39_R2;ALT_ALIZE_B_AX_39_C;OR;RARE;Vishvakarma;Vishvakarma;CHARACTER;DEITY;#4#;#4#;#2#;#2#;#2#;{J} The next Permanent you play this Afternoon costs #{3} less#.;;Taras Susak;Each construction is a poem, and building is an act of eloquence.;;
ALT_ALIZE_B_AX_40_C;ALT_ALIZE_B_AX_40_C;AX;COMMON;Gibil;Gibil;CHARACTER;ENGINEER DEITY;6;6;5;5;5;{J} Create a [BRASSBUG] Robot token in target Expedition.;{D} : Activate the {j} abilities of target Permanent you control. (Discard me from Reserve to do this.);Matteo Spirito;Symphonies begin with two notes, fires with a couple of sparks, and masterpieces with two drops of metal.;;
ALT_ALIZE_B_AX_40_R1;ALT_ALIZE_B_AX_40_C;AX;RARE;Gibil;Gibil;CHARACTER;ENGINEER DEITY;6;6;5;5;5;{J} #If you control two or more Permanents, create two [BRASSBUG] Robot tokens in target Expedition. Otherwise,# create only one.;{D} : Activate the {j} abilities of target Permanent you control. (Discard me from Reserve to do this.);Matteo Spirito;Symphonies begin with two notes, fires with a couple of sparks, and masterpieces with two drops of metal.;;
ALT_ALIZE_B_AX_40_R2;ALT_ALIZE_B_AX_40_C;OR;RARE;Gibil;Gibil;CHARACTER;ENGINEER DEITY;6;6;5;5;5;{J} #If you control two or more Permanents, create two [BRASSBUG] Robot tokens in target Expedition. Otherwise,# create only one.;{D} : Activate the {j} abilities of target Permanent you control. (Discard me from Reserve to do this.);Matteo Spirito;Symphonies begin with two notes, fires with a couple of sparks, and masterpieces with two drops of metal.;;
ALT_ALIZE_B_AX_41_C;ALT_ALIZE_B_AX_41_C;AX;COMMON;Frozen Delivery;Frozen Delivery;SPELL;CONJURATION;1;1;;;;[COOLDOWN]. (If I go to Reserve after my effect resolves, exhaust me {T}. Exhausted cards can't be played and have no Support abilities.)  $[RESUPPLY].;;Romain Kurdi;Precious supplies. If only the lid wasn't frozen shut...;;
ALT_ALIZE_B_AX_41_R1;ALT_ALIZE_B_AX_41_C;AX;RARE;Frozen Delivery;Frozen Delivery;SPELL;CONJURATION;1;1;;;;#[EXHAUSTED_RESUPPLY].# (Put the top card of your deck in Reserve, then exhaust it {T}. Exhausted cards can't be played and have no Support abilities.);;Romain Kurdi;Precious supplies. If only the lid wasn't frozen shut...;;
ALT_ALIZE_B_AX_41_R2;ALT_ALIZE_B_AX_41_C;MU;RARE;Frozen Delivery;Frozen Delivery;SPELL;CONJURATION;1;1;;;;#[EXHAUSTED_RESUPPLY].# (Put the top card of your deck in Reserve, then exhaust it {T}. Exhausted cards can't be played and have no Support abilities.);;Romain Kurdi;Precious supplies. If only the lid wasn't frozen shut...;;
ALT_ALIZE_B_AX_42_C;ALT_ALIZE_B_AX_42_C;AX;COMMON;Avalanche;Avalanche;SPELL;DISRUPTION;3;3;;;;$[FLEETING].  Send to Reserve any number of target Characters with total {M} of 4 or less.;;Jean-Baptiste Andrier;None of the snowflakes feel personally guilty for the avalanche.;;
ALT_ALIZE_B_AX_42_R1;ALT_ALIZE_B_AX_42_C;AX;RARE;Avalanche;Avalanche;SPELL;DISRUPTION;3;3;;;;[FLEETING].  Send to Reserve any number of target Characters with #total {M} of 5 or less#.;;Jean-Baptiste Andrier;None of the snowflakes feel personally guilty for the avalanche.;;
ALT_ALIZE_B_AX_42_R2;ALT_ALIZE_B_AX_42_C;LY;RARE;Avalanche;Avalanche;SPELL;DISRUPTION;3;3;;;;[FLEETING].  Send to Reserve any number of target Characters with total {M} of 4 or less.;;Jean-Baptiste Andrier;None of the snowflakes feel personally guilty for the avalanche.;;
ALT_ALIZE_B_AX_43_C;ALT_ALIZE_B_AX_43_C;AX;COMMON;Kelonic Heater;Kelonic Heater;EXPEDITION_PERMANENT;GEAR;2;2;;;;{J} $[EXHAUSTED_RESUPPLY].  You may play exhausted Characters from your Reserve in my Expedition.;;Kevin Sidharta;A bit of warmth goes a long way in brightening a cold day.;;
ALT_ALIZE_B_AX_43_R1;ALT_ALIZE_B_AX_43_C;AX;RARE;Kelonic Heater;Kelonic Heater;EXPEDITION_PERMANENT;GEAR;3;#1#;;;;#{H}# $[EXHAUSTED_RESUPPLY].  You may play exhausted Characters from your Reserve in my Expedition.;;Kevin Sidharta;A bit of warmth goes a long way in brightening a cold day.;;
ALT_ALIZE_B_AX_43_R2;ALT_ALIZE_B_AX_43_C;YZ;RARE;Kelonic Heater;Kelonic Heater;EXPEDITION_PERMANENT;GEAR;2;2;;;;{J} $[EXHAUSTED_RESUPPLY].  You may play exhausted Characters from your Reserve in my Expedition.;;Kevin Sidharta;A bit of warmth goes a long way in brightening a cold day.;;
ALT_ALIZE_B_AX_44_C;ALT_ALIZE_B_AX_44_C;AX;COMMON;Lord Kelvin;Lord Kelvin;CHARACTER;SCHOLAR NOBLE;4;4;4;4;4;{R} You may exhaust ({T}) target card in Reserve. (Exhausted cards can't be played and have no Support abilities.);;Anh Tung;"""When you are face to face with a difficulty, you are up against a discovery.""";;
ALT_ALIZE_B_AX_44_R1;ALT_ALIZE_B_AX_44_C;AX;RARE;Lord Kelvin;Lord Kelvin;CHARACTER;SCHOLAR NOBLE;4;#3#;4;#3#;4;{R} You may exhaust ({T}) target card in Reserve. (Exhausted cards can't be played and have no Support abilities.);;Anh Tung;"""When you are face to face with a difficulty, you are up against a discovery.""";;
ALT_ALIZE_B_AX_44_R2;ALT_ALIZE_B_AX_44_C;MU;RARE;Lord Kelvin;Lord Kelvin;CHARACTER;SCHOLAR NOBLE;4;#3#;4;#3#;4;{R} You may exhaust ({T}) target card in Reserve. (Exhausted cards can't be played and have no Support abilities.);;Anh Tung;"""When you are face to face with a difficulty, you are up against a discovery.""";;
ALT_ALIZE_B_AX_45_C;ALT_ALIZE_B_AX_45_C;AX;COMMON;Frozen Reprocessor;Frozen Reprocessor;LANDMARK_PERMANENT;CONSTRUCTION;4;4;;;;At Noon — [EXHAUSTED_RESUPPLY]. (Put the top card of your deck in Reserve, then exhaust it {T}. Exhausted cards can't be played and have no Support abilities.)  You may keep one more card in Reserve during Night if it's exhausted.;;Romain Kurdi;Nothing is created, nothing is lost... even to the frost.;;
ALT_ALIZE_B_AX_45_R1;ALT_ALIZE_B_AX_45_C;AX;RARE;Frozen Reprocessor;Frozen Reprocessor;LANDMARK_PERMANENT;CONSTRUCTION;4;4;;;;#{J} $[EXHAUSTED_RESUPPLY].#  At Noon — [EXHAUSTED_RESUPPLY].  You may keep one more card in Reserve during Night if it's exhausted.;;Romain Kurdi;Nothing is created, nothing is lost... even to the frost.;;
ALT_ALIZE_B_AX_45_R2;ALT_ALIZE_B_AX_45_C;MU;RARE;Frozen Reprocessor;Frozen Reprocessor;LANDMARK_PERMANENT;CONSTRUCTION;4;4;;;;#{J} $[EXHAUSTED_RESUPPLY].#  At Noon — [EXHAUSTED_RESUPPLY].  You may keep one more card in Reserve during Night if it's exhausted.;;Romain Kurdi;Nothing is created, nothing is lost... even to the frost.;;
ALT_ALIZE_B_AX_46_C;ALT_ALIZE_B_AX_46_C;AX;COMMON;Icebound Hollow;Icebound Hollow;LANDMARK_PERMANENT;SITE;3;3;;;;When a card goes from your Hand or deck to Reserve — I gain a Trial counter.  When I gain my third Trial counter — Sacrifice me. If you do, create a [DRAGON_SHADE] Illusion token in target Expedition, then ready your cards in Reserve.;;Kevin Sidharta;In the caves and crevices, it wails and calls to us.;;
ALT_ALIZE_B_AX_46_R1;ALT_ALIZE_B_AX_46_C;AX;RARE;Icebound Hollow;Icebound Hollow;LANDMARK_PERMANENT;SITE;3;#2#;;;;When a card goes from your Hand or deck to Reserve — I gain a Trial counter.  When I gain my third Trial counter — Sacrifice me. If you do, create a [DRAGON_SHADE] Illusion token in target Expedition, then ready your cards in Reserve.;;Kevin Sidharta;In the caves and crevices, it wails and calls to us.;;
ALT_ALIZE_B_AX_46_R2;ALT_ALIZE_B_AX_46_C;MU;RARE;Icebound Hollow;Icebound Hollow;LANDMARK_PERMANENT;SITE;3;#2#;;;;When a card goes from your Hand or deck to Reserve — I gain a Trial counter.  When I gain my third Trial counter — Sacrifice me. If you do, create a [DRAGON_SHADE] Illusion token in target Expedition, then ready your cards in Reserve.;;Kevin Sidharta;In the caves and crevices, it wails and calls to us.;;
ALT_ALIZE_B_BR_01_C;ALT_ALIZE_B_BR_01_C;BR;COMMON;Kojo & Booda;Kojo & Booda;HERO;;;;;;;At Noon — If you are the first player, create a [BOODA] Companion token in your Companion Expedition.;;Edward Cheekokseang;Faster, ever faster! Our fire rages highest when the race is afoot!;;
ALT_ALIZE_B_BR_03_C;ALT_ALIZE_B_BR_03_C;BR;COMMON;Basira & Kaizaimon;Basira & Kaizaimon;HERO;;;;;;;When a Character you control gains 1 or more boosts — You may exhaust me ({T}) to have target Character gain 1 boost.;;Nestor Papatriantafyllou;Only the worthy shall achieve true transcendence under my guidance.;;
ALT_ALIZE_B_BR_31_C;ALT_ALIZE_B_BR_31_C;BR;COMMON;Booda;Booda;TOKEN;COMPANION;;;2;2;2;(If I leave the Expedition zone, remove me from the game.);;Edward Cheekokseang;Fight frost with fire.;;
ALT_ALIZE_B_BR_32_C;ALT_ALIZE_B_BR_32_C;BR;COMMON;Fire Rabbit;Fire Rabbit;CHARACTER;ANIMAL SPIRIT;1;1;1;1;0;{H} You may have me gain [FLEETING_CHAR]. If you do, another target Character gains 1 boost.;;Khoa Viet;Hot bunny in your area wants to meet!;;
ALT_ALIZE_B_BR_32_R1;ALT_ALIZE_B_BR_32_C;BR;RARE;Fire Rabbit;Fire Rabbit;CHARACTER;ANIMAL SPIRIT;1;1;1;1;#1#;{H} You may have me gain [FLEETING_CHAR]. If you do, another target Character gains 1 boost.;#{D} : The next Character you play this turn gains 1 boost.# (Discard me from Reserve to do this.);Khoa Viet;Hot bunny in your area wants to meet!;;
ALT_ALIZE_B_BR_32_R2;ALT_ALIZE_B_BR_32_C;OR;RARE;Fire Rabbit;Fire Rabbit;CHARACTER;ANIMAL SPIRIT;1;1;1;1;0;{H} You may have me gain [FLEETING_CHAR]. If you do, another target Character gains 1 boost.;;Khoa Viet;Hot bunny in your area wants to meet!;;
ALT_ALIZE_B_BR_33_C;ALT_ALIZE_B_BR_33_C;BR;COMMON;Skadi;Skadi;CHARACTER;DEITY;2;3;2;3;2;{R} You may exhaust ({T}) target card in Reserve. (Exhausted cards can't be played and have no Support abilities.);;Edward Chee & Seok Yeong;Life is a slope. It's slow going up, and quick going down.;;
ALT_ALIZE_B_BR_33_R1;ALT_ALIZE_B_BR_33_C;BR;RARE;Skadi;Skadi;CHARACTER;DEITY;2;3;2;3;2;{R} #If I'm in {M}, [SABOTAGE]. Otherwise,# you may exhaust ({T}) target card in Reserve. (Exhausted cards can't be played and have no Support abilities.);;Edward Chee & Seok Yeong;Life is a slope. It's slow going up, and quick going down.;;
ALT_ALIZE_B_BR_33_R2;ALT_ALIZE_B_BR_33_C;AX;RARE;Skadi;Skadi;CHARACTER;DEITY;2;3;2;3;2;{R} #If I'm in {M}, [SABOTAGE]. Otherwise,# you may exhaust ({T}) target card in Reserve. (Exhausted cards can't be played and have no Support abilities.);;Edward Chee & Seok Yeong;Life is a slope. It's slow going up, and quick going down.;;
ALT_ALIZE_B_BR_34_C;ALT_ALIZE_B_BR_34_C;BR;COMMON;Haven Seiringar;Haven Seiringar;CHARACTER;ADVENTURER;2;2;3;1;1;When I leave the Expedition Zone, if I was [FLEETING_CHAR] — Draw a card.;;Kevin Sidharta;Those who have lived a lot have plenty to share.;;
ALT_ALIZE_B_BR_34_R1;ALT_ALIZE_B_BR_34_C;BR;RARE;Haven Seiringar;Haven Seiringar;CHARACTER;ADVENTURER;2;2;3;#0#;#0#;When I leave the Expedition Zone, if I was [FLEETING_CHAR] — Draw a card.  #{R} I gain 1 boost.#;;Kevin Sidharta;Those who have lived a lot have plenty to share.;;
ALT_ALIZE_B_BR_34_R2;ALT_ALIZE_B_BR_34_C;LY;RARE;Haven Seiringar;Haven Seiringar;CHARACTER;ADVENTURER;2;2;3;#0#;#0#;When I leave the Expedition Zone, if I was [FLEETING_CHAR] — Draw a card.  #{R} I gain 1 boost.#;;Kevin Sidharta;Those who have lived a lot have plenty to share.;;
ALT_ALIZE_B_BR_35_C;ALT_ALIZE_B_BR_35_C;BR;COMMON;Bravos Trailblazer;Bravos Trailblazer;CHARACTER;ADVENTURER;2;3;2;2;2;{J} If you control a [FLEETING_CHAR] Character, I gain 1 boost.;;Zero Wen;"""It will be a collective effort; it must be a joint endeavor!""";;
ALT_ALIZE_B_BR_35_R1;ALT_ALIZE_B_BR_35_C;BR;RARE;Bravos Trailblazer;Bravos Trailblazer;CHARACTER;ADVENTURER;2;3;2;2;2;{J} I gain 1 boost #for each [FLEETING_CHAR] Character you control#.;;Zero Wen;"""It will be a collective effort; it must be a joint endeavor!""";;
ALT_ALIZE_B_BR_35_R2;ALT_ALIZE_B_BR_35_C;LY;RARE;Bravos Trailblazer;Bravos Trailblazer;CHARACTER;ADVENTURER;2;3;2;2;2;{J} I gain 1 boost #for each [FLEETING_CHAR] Character you control#.;;Zero Wen;"""It will be a collective effort; it must be a joint endeavor!""";;
ALT_ALIZE_B_BR_36_C;ALT_ALIZE_B_BR_36_C;BR;COMMON;Bravos Rescuer;Bravos Rescuer;CHARACTER;ADVENTURER;3;3;1;4;4;;{D} : Target Character loses [FLEETING]. (Discard me from Reserve to do this.);Zero Wen;"""Their ranks will be composed of seasoned argonauts, ready to face the perils of the unknown!""";;
ALT_ALIZE_B_BR_36_R1;ALT_ALIZE_B_BR_36_C;BR;RARE;Bravos Rescuer;Bravos Rescuer;CHARACTER;ADVENTURER;3;3;1;#3#;#3#;#{J} You may target another [FLEETING_CHAR] Character. It gains 2 boosts.#;{D} : Target Character loses [FLEETING]. (Discard me from Reserve to do this.);Zero Wen;"""Their ranks will be composed of seasoned argonauts, ready to face the perils of the unknown!""";;
ALT_ALIZE_B_BR_36_R2;ALT_ALIZE_B_BR_36_C;AX;RARE;Bravos Rescuer;Bravos Rescuer;CHARACTER;ADVENTURER;3;3;1;4;4;;{D} : Target Character loses [FLEETING]. (Discard me from Reserve to do this.);Zero Wen;"""Their ranks will be composed of seasoned argonauts, ready to face the perils of the unknown!""";;
ALT_ALIZE_B_BR_37_C;ALT_ALIZE_B_BR_37_C;BR;COMMON;Gericht, Revered Duelist;Gericht, Revered Duelist;CHARACTER;ADVENTURER;3;4;3;3;3;When I gain [FLEETING_CHAR] — I gain 1 boost.  I can gain [FLEETING_CHAR] even if I was already [FLEETING_CHAR].;;Nestor Papatriantafyllou;"""What doesn't kill you makes you stronger.""";;
ALT_ALIZE_B_BR_37_R1;ALT_ALIZE_B_BR_37_C;BR;RARE;Gericht, Revered Duelist;Gericht, Revered Duelist;CHARACTER;ADVENTURER;3;4;3;3;3;#If I would gain [FLEETING_CHAR], I gain 1 boost instead#.;;Nestor Papatriantafyllou;"""What doesn't kill you makes you stronger.""";;
ALT_ALIZE_B_BR_37_R2;ALT_ALIZE_B_BR_37_C;LY;RARE;Gericht, Revered Duelist;Gericht, Revered Duelist;CHARACTER;ADVENTURER;3;4;3;3;3;#If I would gain [FLEETING_CHAR], I gain 1 boost instead#.;;Nestor Papatriantafyllou;"""What doesn't kill you makes you stronger.""";;
ALT_ALIZE_B_BR_38_C;ALT_ALIZE_B_BR_38_C;BR;COMMON;Akhlut;Akhlut;CHARACTER;ANIMAL SPIRIT;4;5;3;3;5;When I gain 1 or more boosts — You may exhaust ({T}) target card in Reserve. (Exhausted cards can't be played and have no Support abilities.)  {R} I gain 1 boost.;;Matteo Spirito;They're deadly on land, and even deadlier in the water.;;
ALT_ALIZE_B_BR_38_R1;ALT_ALIZE_B_BR_38_C;BR;RARE;Akhlut;Akhlut;CHARACTER;ANIMAL SPIRIT;4;#4#;3;3;#4#;When I gain 1 or more boosts — You may exhaust ({T}) target card in Reserve. (Exhausted cards can't be played and have no Support abilities.)  #{J}# I gain 1 boost.;;Matteo Spirito;They're deadly on land, and even deadlier in the water.;;
ALT_ALIZE_B_BR_38_R2;ALT_ALIZE_B_BR_38_C;MU;RARE;Akhlut;Akhlut;CHARACTER;ANIMAL SPIRIT;4;5;3;3;5;When I gain 1 or more boosts — You may exhaust ({T}) target card in Reserve. (Exhausted cards can't be played and have no Support abilities.)  {R} I gain 1 boost.;;Matteo Spirito;They're deadly on land, and even deadlier in the water.;;
ALT_ALIZE_B_BR_39_C;ALT_ALIZE_B_BR_39_C;BR;COMMON;Amarok;Amarok;CHARACTER;ANIMAL;5;5;4;3;3;If there are no Characters in the Expedition I'm played in, I cost {2} less.  When another Character joins my Expedition — Sacrifice it.;;Matteo Spirito;The lone wolf guards its territory jealously.;;
ALT_ALIZE_B_BR_39_R1;ALT_ALIZE_B_BR_39_C;BR;RARE;Amarok;Amarok;CHARACTER;ANIMAL;5;5;4;3;3;If there are no Characters in the Expedition I'm played in, I cost {2} less.  When another Character joins my Expedition — Sacrifice it #and I gain 1 boost.#;;Matteo Spirito;The lone wolf guards its territory jealously.;;
ALT_ALIZE_B_BR_39_R2;ALT_ALIZE_B_BR_39_C;YZ;RARE;Amarok;Amarok;CHARACTER;ANIMAL;5;5;4;3;3;If there are no Characters in the Expedition I'm played in, I cost {2} less.  When another Character joins my Expedition — Sacrifice it.;;Matteo Spirito;The lone wolf guards its territory jealously.;;
ALT_ALIZE_B_BR_40_C;ALT_ALIZE_B_BR_40_C;BR;COMMON;Eros;Eros;CHARACTER;DEITY;7;7;3;6;6;{J} You may immediately play a Character for {3} less.;;Justice Wong;He's got more than one arrow in his quiver.;;
ALT_ALIZE_B_BR_40_R1;ALT_ALIZE_B_BR_40_C;BR;RARE;Eros;Eros;CHARACTER;DEITY;7;7;3;#5#;#5#;{J} You may immediately play a Character for {3} less. #It gains 2 boosts.#;;Justice Wong;He's got more than one arrow in his quiver.;;
ALT_ALIZE_B_BR_40_R2;ALT_ALIZE_B_BR_40_C;MU;RARE;Eros;Eros;CHARACTER;DEITY;7;7;3;#5#;#5#;{J} You may immediately play a Character for {3} less. #It gains [ANCHORED]#.;;Justice Wong;He's got more than one arrow in his quiver.;;
ALT_ALIZE_B_BR_41_C;ALT_ALIZE_B_BR_41_C;BR;COMMON;Mana Flare;Mana Flare;SPELL;CONJURATION;4;4;;;;[FLEETING].  Immediately play a Character for {5} less. It gains [FLEETING_CHAR]. (If it would be sent to Reserve, discard it instead.);;Justice Wong;He summons the mightiest beings just for the sake of an epic duel.;;
ALT_ALIZE_B_BR_41_R1;ALT_ALIZE_B_BR_41_C;BR;RARE;Mana Flare;Mana Flare;SPELL;CONJURATION;4;4;;;;$[FLEETING].  Immediately play a Character for {5} less.;;Justice Wong;He summons the mightiest beings just for the sake of an epic duel.;;
ALT_ALIZE_B_BR_41_R2;ALT_ALIZE_B_BR_41_C;YZ;RARE;Mana Flare;Mana Flare;SPELL;CONJURATION;4;4;;;;$[FLEETING].  Immediately play a #Spell# for {5} less.;;Justice Wong;He summons the mightiest beings just for the sake of an epic duel.;;
ALT_ALIZE_B_BR_42_C;ALT_ALIZE_B_BR_42_C;BR;COMMON;Geyser;Geyser;SPELL;DISRUPTION;4;4;;;;Return target Character or Permanent to its owner's hand, then put me in your Mana Orbs (as an exhausted Mana Orb).;;Jean-Baptiste Andrier;Under pressure!;;
ALT_ALIZE_B_BR_42_R1;ALT_ALIZE_B_BR_42_C;BR;RARE;Geyser;Geyser;SPELL;DISRUPTION;4;#3#;;;;Return target Character or Permanent to its owner's hand, then #you may# put me in your Mana Orbs (as an exhausted Mana Orb).;;Jean-Baptiste Andrier;Under pressure!;;
ALT_ALIZE_B_BR_42_R2;ALT_ALIZE_B_BR_42_C;OR;RARE;Geyser;Geyser;SPELL;DISRUPTION;4;4;;;;Return target Character or Permanent to its owner's hand, then put me in your Mana Orbs (as an exhausted Mana Orb).;;Jean-Baptiste Andrier;Under pressure!;;
ALT_ALIZE_B_BR_43_C;ALT_ALIZE_B_BR_43_C;BR;COMMON;Arcolano Milk;Arcolano Milk;EXPEDITION_PERMANENT;GEAR;1;1;;;;When a Character joins my Expedition — It gains 1 boost and [FLEETING_CHAR]. (If it would be sent to Reserve, discard it instead.);;Kevin Sidharta;"Nobody knows where this ""milk"" actually comes from.";;
ALT_ALIZE_B_BR_43_R1;ALT_ALIZE_B_BR_43_C;BR;RARE;Arcolano Milk;Arcolano Milk;EXPEDITION_PERMANENT;GEAR;#2#;#2#;;;;When a Character joins my Expedition — It gains #2 boosts# and [FLEETING_CHAR].;;Kevin Sidharta;"Nobody knows where this ""milk"" actually comes from.";;
ALT_ALIZE_B_BR_43_R2;ALT_ALIZE_B_BR_43_C;AX;RARE;Arcolano Milk;Arcolano Milk;EXPEDITION_PERMANENT;GEAR;1;1;;;;When a Character joins my Expedition — It gains 1 boost and [FLEETING_CHAR].;;Kevin Sidharta;"Nobody knows where this ""milk"" actually comes from.";;
ALT_ALIZE_B_BR_44_C;ALT_ALIZE_B_BR_44_C;BR;COMMON;Technical Boots;Technical Boots;EXPEDITION_PERMANENT;GEAR;1;1;;;;When my Expedition moves forward — Target Character in my Expedition loses [FLEETING_CHAR].;;Edward Chee & Seok Yeong;There's no luck, only preparation.;;
ALT_ALIZE_B_BR_44_R1;ALT_ALIZE_B_BR_44_C;BR;RARE;Technical Boots;Technical Boots;EXPEDITION_PERMANENT;GEAR;1;#2#;;;;#{R} $[RESUPPLY].#  When my Expedition moves forward — Target Character in my Expedition loses [FLEETING_CHAR].;;Edward Chee & Seok Yeong;There's no luck, only preparation.;;
ALT_ALIZE_B_BR_44_R2;ALT_ALIZE_B_BR_44_C;AX;RARE;Technical Boots;Technical Boots;EXPEDITION_PERMANENT;GEAR;1;#2#;;;;#{R} $[RESUPPLY].#  When my Expedition moves forward — Target Character in my Expedition loses [FLEETING_CHAR].;;Edward Chee & Seok Yeong;There's no luck, only preparation.;;
ALT_ALIZE_B_BR_45_C;ALT_ALIZE_B_BR_45_C;BR;COMMON;Eat Me Energy Bars;Eat Me Energy Bars;EXPEDITION_PERMANENT;GEAR;3;3;;;;If there is only one Character in my Expedition, it is [GIGANTIC]. (It is considered present in each of your Expeditions.);;Kevin Sidharta;Too good to share.;;
ALT_ALIZE_B_BR_45_R1;ALT_ALIZE_B_BR_45_C;BR;RARE;Eat Me Energy Bars;Eat Me Energy Bars;EXPEDITION_PERMANENT;GEAR;#2#;#2#;;;;#{J} I gain [FLEETING].#  If there is only one Character in my Expedition, it is [GIGANTIC]. (It is considered present in each of your Expeditions.);;Kevin Sidharta;Too good to share.;;
ALT_ALIZE_B_BR_45_R2;ALT_ALIZE_B_BR_45_C;LY;RARE;Eat Me Energy Bars;Eat Me Energy Bars;EXPEDITION_PERMANENT;GEAR;#2#;#2#;;;;#{J} I gain [FLEETING].#  If there is only one Character in my Expedition, it is [GIGANTIC]. (It is considered present in each of your Expeditions.);;Kevin Sidharta;Too good to share.;;
ALT_ALIZE_B_BR_46_C;ALT_ALIZE_B_BR_46_C;BR;COMMON;Icebound Peak;Icebound Peak;LANDMARK_PERMANENT;SITE;3;3;;;;When a Character you control gains [FLEETING_CHAR] — I gain a Trial counter.  When I gain my third Trial counter — Sacrifice me. If you do, create a [DRAGON_SHADE] Illusion token in target Expedition, then each Character you control gains 1 boost.;;Matteo Spirito;On the summit it waits, for freedom, for release.;;
ALT_ALIZE_B_BR_46_R1;ALT_ALIZE_B_BR_46_C;BR;RARE;Icebound Peak;Icebound Peak;LANDMARK_PERMANENT;SITE;#2#;#2#;;;;When a Character you control gains [FLEETING_CHAR] — I gain a Trial counter.  When I gain my third Trial counter — Sacrifice me. If you do, create a [DRAGON_SHADE] Illusion token in target Expedition, then each Character you control gains 1 boost.;;Matteo Spirito;On the summit it waits, for freedom, for release.;;
ALT_ALIZE_B_BR_46_R2;ALT_ALIZE_B_BR_46_C;AX;RARE;Icebound Peak;Icebound Peak;LANDMARK_PERMANENT;SITE;3;#2#;;;;When a Character you control gains [FLEETING_CHAR] — I gain a Trial counter.  When I gain my third Trial counter — Sacrifice me. If you do, create a [DRAGON_SHADE] Illusion token in target Expedition, then each Character you control gains 1 boost.;;Matteo Spirito;On the summit it waits, for freedom, for release.;;
ALT_ALIZE_B_LY_02_C;ALT_ALIZE_B_LY_02_C;LY;COMMON;Auraq & Kibble;Auraq & Kibble;HERO;;;;;;;When you play a Character with a base statistic of 0 — I gain a Performance counter.  At Noon — You may spend five of my Performance counters to reveal the top card of your deck. You may play it for free or put it into your hand. (Don't activate any {h} abilities.);;Edward Cheekokseang;True beauty lies outside of the conventional.;;
ALT_ALIZE_B_LY_03_C;ALT_ALIZE_B_LY_03_C;LY;COMMON;Fen & Crowbar;Fen & Crowbar;HERO;;;;;;;During Morning, draw only one card. Then, put the top card of your deck in your Mana zone instead of a card from your hand.  At Noon — $[RESUPPLY].  Ignore my abilities during the first Day.;;Anh Tung;When you listen to the voice of the Wind, it always carries you where you're meant to be.;;
ALT_ALIZE_B_LY_31_C;ALT_ALIZE_B_LY_31_C;LY;COMMON;Magpeng Hoarder;Magpeng Hoarder;CHARACTER;ANIMAL;2;2;2;2;2;{J} If you have two or more cards in Reserve, I gain 1 boost and $[FLEETING_CHAR].;;Jean-Baptiste Andrier;Why does it need all these? Might come in handy someday!;;
ALT_ALIZE_B_LY_31_R1;ALT_ALIZE_B_LY_31_C;LY;RARE;Magpeng Hoarder;Magpeng Hoarder;CHARACTER;ANIMAL;2;2;2;2;2;{J} If you have two or more cards in Reserve, I gain #2 boosts# and $[FLEETING_CHAR].;;Jean-Baptiste Andrier;Why does it need all these? Might come in handy someday!;;
ALT_ALIZE_B_LY_31_R2;ALT_ALIZE_B_LY_31_C;AX;RARE;Magpeng Hoarder;Magpeng Hoarder;CHARACTER;ANIMAL;2;2;2;2;2;{J} If you have two or more cards in Reserve, I gain 1 boost and $[FLEETING_CHAR].;;Jean-Baptiste Andrier;Why does it need all these? Might come in handy someday!;;
ALT_ALIZE_B_LY_32_C;ALT_ALIZE_B_LY_32_C;LY;COMMON;Snowball Commando;Snowball Commando;CHARACTER;CITIZEN;2;2;0;3;2;{H} You may exhaust ({T}) target card in an opponent's Reserve, then roll a die. When you roll a 1-3 this way — That opponent targets a card in your Reserve. Exhaust it. (Exhausted cards can't be played and have no Support abilities.);;Zero Wen;What goes around comes around!;;
ALT_ALIZE_B_LY_32_R1;ALT_ALIZE_B_LY_32_C;LY;RARE;Snowball Commando;Snowball Commando;CHARACTER;CITIZEN;2;2;#2#;3;2;{H} You may exhaust ({T}) target card in an opponent's Reserve, then roll a die. When you roll a 1-3 this way — That opponent targets a card in your Reserve. Exhaust it.;;Zero Wen;What goes around comes around!;;
ALT_ALIZE_B_LY_32_R2;ALT_ALIZE_B_LY_32_C;YZ;RARE;Snowball Commando;Snowball Commando;CHARACTER;CITIZEN;2;2;0;3;2;{H} You may exhaust ({T}) target card in an opponent's Reserve, then roll a die. When you roll a 1-3 this way — That opponent targets a card in your Reserve. Exhaust it.;;Zero Wen;What goes around comes around!;;
ALT_ALIZE_B_LY_33_C;ALT_ALIZE_B_LY_33_C;LY;COMMON;The Snowman;The Snowman;CHARACTER;ELEMENTAL;2;2;0;3;3;{J} Unless I'm in {O}, I gain $[FLEETING_CHAR].;;Ba Vo;Which will melt first: him, or your heart?;;
ALT_ALIZE_B_LY_33_R1;ALT_ALIZE_B_LY_33_C;LY;RARE;The Snowman;The Snowman;CHARACTER;ELEMENTAL;2;2;#2#;3;3;{J} Unless I'm in {O}, I gain $[FLEETING_CHAR].;#{D} : [EXHAUSTED_RESUPPLY].# (Discard me from Reserve to do this.);Ba Vo;Which will melt first: him, or your heart?;;
ALT_ALIZE_B_LY_33_R2;ALT_ALIZE_B_LY_33_C;BR;RARE;The Snowman;The Snowman;CHARACTER;ELEMENTAL;2;2;#2#;3;3;{J} Unless I'm in {O}, I gain $[FLEETING_CHAR].;#{D} : [EXHAUSTED_RESUPPLY].# (Discard me from Reserve to do this.);Ba Vo;Which will melt first: him, or your heart?;;
ALT_ALIZE_B_LY_34_C;ALT_ALIZE_B_LY_34_C;LY;COMMON;Nyala, Gifted Conjurer;Nyala, Gifted Conjurer;CHARACTER;MAGE;3;3;3;3;0;{J} Exchange target card from your Reserve with a card from your Hand.;;Anh Tung;"""Of course I'm cheating. That's what magic is all about.""";;
ALT_ALIZE_B_LY_34_R1;ALT_ALIZE_B_LY_34_C;LY;RARE;Nyala, Gifted Conjurer;Nyala, Gifted Conjurer;CHARACTER;MAGE;3;3;3;3;0;#{H} $[EXHAUSTED_RESUPPLY]#.  {J} Exchange target card from your Reserve with a card from your Hand.;;Anh Tung;"""Of course I'm cheating. That's what magic is all about.""";;
ALT_ALIZE_B_LY_34_R2;ALT_ALIZE_B_LY_34_C;YZ;RARE;Nyala, Gifted Conjurer;Nyala, Gifted Conjurer;CHARACTER;MAGE;3;3;3;3;0;{J} Exchange target card from your Reserve with a card from your Hand.;;Anh Tung;"""Of course I'm cheating. That's what magic is all about.""";;
ALT_ALIZE_B_LY_35_C;ALT_ALIZE_B_LY_35_C;LY;COMMON;Will-o'-the-Wisp;Will-o'-the-Wisp;CHARACTER;SPIRIT;3;2;0;0;3;If the Expedition facing me is in {O}, it can only move forward due to {O}.;{D} : The next card you play this turn costs {1} less. (Discard me from Reserve to do this.);Khoa Viet;"""Nine fathom deep he had followed us - From the land of mist and snow.""";;
ALT_ALIZE_B_LY_35_R1;ALT_ALIZE_B_LY_35_C;LY;RARE;Will-o'-the-Wisp;Will-o'-the-Wisp;CHARACTER;SPIRIT;3;#3#;0;0;#4#;If the Expedition facing me is in {O}, it can only move forward due to {O}.;{D} : The next card you play this turn costs {1} less. (Discard me from Reserve to do this.);Khoa Viet;"""Nine fathom deep he had followed us - From the land of mist and snow.""";;
ALT_ALIZE_B_LY_35_R2;ALT_ALIZE_B_LY_35_C;MU;RARE;Will-o'-the-Wisp;Will-o'-the-Wisp;CHARACTER;SPIRIT;3;2;#3#;0;0;If the Expedition facing me is in #{V}#, it can only move forward due to #{V}#.;{D} : The next card you play this turn costs {1} less. (Discard me from Reserve to do this.);Khoa Viet;"""Nine fathom deep he had followed us - From the land of mist and snow.""";;
ALT_ALIZE_B_LY_36_C;ALT_ALIZE_B_LY_36_C;LY;COMMON;Nisse;Nisse;CHARACTER;CITIZEN;3;3;3;0;3;{H} Roll a die. On a:  • 4+, [RESUPPLY_LOW].  • 1-3, [EXHAUSTED_RESUPPLY_LOW]. (Put the top card of your deck in Reserve, then exhaust it {T}. Exhausted cards can't be played and have no Support abilities.);;Ba Vo;"""You never know what you'll find in your stockings.""";;
ALT_ALIZE_B_LY_36_R1;ALT_ALIZE_B_LY_36_C;LY;RARE;Nisse;Nisse;CHARACTER;CITIZEN;3;#2#;3;0;3;{H} Roll a die. On a:  • 4+, [RESUPPLY_LOW].  • 1-3, [EXHAUSTED_RESUPPLY_LOW]. (Put the top card of your deck in Reserve, then exhaust it {T}. Exhausted cards can't be played and have no Support abilities.);;Ba Vo;"""You never know what you'll find in your stockings.""";;
ALT_ALIZE_B_LY_36_R2;ALT_ALIZE_B_LY_36_C;AX;RARE;Nisse;Nisse;CHARACTER;CITIZEN;3;3;3;0;3;{H} Roll a die. On a:  • 4+, [RESUPPLY_LOW].  • 1-3, [EXHAUSTED_RESUPPLY_LOW]. (Put the top card of your deck in Reserve, then exhaust it {T}. Exhausted cards can't be played and have no Support abilities.);;Ba Vo;"""You never know what you'll find in your stockings.""";;
ALT_ALIZE_B_LY_37_C;ALT_ALIZE_B_LY_37_C;LY;COMMON;Santa Claus;Santa Claus;CHARACTER;MESSENGER;5;5;0;5;5;{H} Starting with you, each player may immediately play a card with Hand Cost {3} or less for free.;;Edward Chee & Seok Yeong;"""Ho ho ho!""";;
ALT_ALIZE_B_LY_37_R1;ALT_ALIZE_B_LY_37_C;LY;RARE;Santa Claus;Santa Claus;CHARACTER;MESSENGER;#4#;#4#;0;#4#;#4#;{H} Starting with you, each player may immediately play a card with Hand Cost {3} or less for free.;;Edward Chee & Seok Yeong;"""Ho ho ho!""";;
ALT_ALIZE_B_LY_37_R2;ALT_ALIZE_B_LY_37_C;MU;RARE;Santa Claus;Santa Claus;CHARACTER;MESSENGER;5;5;0;5;5;{H} Starting with you, each player may immediately play a card with Hand Cost {3} or less for free.;;Edward Chee & Seok Yeong;"""Ho ho ho!""";;
ALT_ALIZE_B_LY_38_C;ALT_ALIZE_B_LY_38_C;LY;COMMON;Heimdall;Heimdall;CHARACTER;SOLDIER DEITY;4;4;4;4;4;{H} You may have target Character switch Expeditions. (It leaves its Expedition and joins its controller's other Expedition.);;Fahmi Fauzi;Proud guardian of the Bifröst, he decides who gets to switch sides.;;
ALT_ALIZE_B_LY_38_R1;ALT_ALIZE_B_LY_38_C;LY;RARE;Heimdall;Heimdall;CHARACTER;SOLDIER DEITY;4;4;#5#;#0#;#5#;{H} You may have target Character #or Expedition Permanent# switch Expeditions. (It leaves its Expedition and joins its controller's other Expedition.);;Fahmi Fauzi;Proud guardian of the Bifröst, he decides who gets to switch sides.;;
ALT_ALIZE_B_LY_38_R2;ALT_ALIZE_B_LY_38_C;OR;RARE;Heimdall;Heimdall;CHARACTER;SOLDIER DEITY;4;4;4;4;4;{H} You may have target Character switch Expeditions. (It leaves its Expedition and joins its controller's other Expedition.);;Fahmi Fauzi;Proud guardian of the Bifröst, he decides who gets to switch sides.;;
ALT_ALIZE_B_LY_39_C;ALT_ALIZE_B_LY_39_C;LY;COMMON;Sleight of Hand;Sleight of Hand;SPELL;CONJURATION;1;1;;;;[COOLDOWN]. (If I go to Reserve after my effect resolves, exhaust me {T}. Exhausted cards can't be played and have no Support abilities.)  Exchange target Character in your Reserve with a card from your Hand.;;Edward Chee & Seok Yeong;"""An old trick well done is far better than a new trick with no effect."" - Houdini";;
ALT_ALIZE_B_LY_39_R1;ALT_ALIZE_B_LY_39_C;LY;RARE;Sleight of Hand;Sleight of Hand;SPELL;CONJURATION;1;1;;;;$[COOLDOWN].  Exchange target #card# in your Reserve with a card from your Hand.;;Edward Chee & Seok Yeong;"""An old trick well done is far better than a new trick with no effect."" - Houdini";;
ALT_ALIZE_B_LY_39_R2;ALT_ALIZE_B_LY_39_C;YZ;RARE;Sleight of Hand;Sleight of Hand;SPELL;CONJURATION;1;1;;;;$[COOLDOWN].  Exchange target #Spell# in your Reserve with a card from your Hand.;;Edward Chee & Seok Yeong;"""An old trick well done is far better than a new trick with no effect."" - Houdini";;
ALT_ALIZE_B_LY_40_C;ALT_ALIZE_B_LY_40_C;LY;COMMON;Joyride;Joyride;SPELL;MANEUVER;1;1;;;;[COOLDOWN]. (If I go to Reserve after my effect resolves, exhaust me {T}. Exhausted cards can't be played and have no Support abilities.)  Discard another card from your Reserve. If you do, target Character gains 2 boosts.;;Justice Wong;Everything fun is life is either forbidden or completely crazy.;;
ALT_ALIZE_B_LY_40_R1;ALT_ALIZE_B_LY_40_C;LY;RARE;Joyride;Joyride;SPELL;MANEUVER;1;1;;;;Discard another card from your Reserve. If you do, target Character gains 2 boosts.;;Justice Wong;Everything fun is life is either forbidden or completely crazy.;;
ALT_ALIZE_B_LY_40_R2;ALT_ALIZE_B_LY_40_C;YZ;RARE;Joyride;Joyride;SPELL;MANEUVER;1;1;;;;$[COOLDOWN].  Discard another card from your Reserve. If you do, target Character gains 2 boosts.;;Justice Wong;Everything fun is life is either forbidden or completely crazy.;;
ALT_ALIZE_B_LY_41_C;ALT_ALIZE_B_LY_41_C;LY;COMMON;Silent Night;Silent Night;SPELL;SONG;1;1;;;;[FLEETING].  Target a Character, then roll a die. On a:  • 4+, it gains [ANCHORED]. (During Rest, it doesn't go to Reserve and it loses Anchored.)  • 1-3, it gains [ASLEEP]. (Ignore its statistics during Dusk. During Rest, it doesn't go to Reserve and it loses Asleep.);;Romain Kurdi;All is calm, all is bright.;;
ALT_ALIZE_B_LY_41_R1;ALT_ALIZE_B_LY_41_C;LY;RARE;Silent Night;Silent Night;SPELL;SONG;#2#;2;;;;[FLEETING].  #Roll a die, then# target a Character. On a:  • 4+, it gains [ANCHORED]. (During Rest, it doesn't go to Reserve and it loses Anchored.)  • 1-3, it gains [ASLEEP]. (Ignore its statistics during Dusk. During Rest, it doesn't go to Reserve and it loses Asleep.);;Romain Kurdi;All is calm, all is bright.;;
ALT_ALIZE_B_LY_41_R2;ALT_ALIZE_B_LY_41_C;OR;RARE;Silent Night;Silent Night;SPELL;SONG;#2#;2;;;;[FLEETING].  #Roll a die, then# target a Character. On a:  • 4+, it gains [ANCHORED]. (During Rest, it doesn't go to Reserve and it loses Anchored.)  • 1-3, it gains [ASLEEP]. (Ignore its statistics during Dusk. During Rest, it doesn't go to Reserve and it loses Asleep.);;Romain Kurdi;All is calm, all is bright.;;
ALT_ALIZE_B_LY_42_C;ALT_ALIZE_B_LY_42_C;LY;COMMON;Break the Ice;Break the Ice;SPELL;DISRUPTION;4;4;;;;[FLEETING].  I cost {2} less if you have three or more base statistics of 0 among Characters you control.  Send target Character to Reserve, then exhaust it ({T}). (Exhausted cards can't be played and have no Support abilities.);;HuoMiao Studio;Well, they didn't mean literally.;;
ALT_ALIZE_B_LY_42_R1;ALT_ALIZE_B_LY_42_C;LY;RARE;Break the Ice;Break the Ice;SPELL;DISRUPTION;4;4;;;;#$[COOLDOWN]#.  I cost {2} less if you have three or more base statistics of 0 among Characters you control.  Send target Character to Reserve, then exhaust it ({T}).;;HuoMiao Studio;Well, they didn't mean literally.;;
ALT_ALIZE_B_LY_42_R2;ALT_ALIZE_B_LY_42_C;OR;RARE;Break the Ice;Break the Ice;SPELL;DISRUPTION;4;4;;;;[FLEETING].  I cost {2} less if #you control three or more Characters#.  Send target Character to Reserve, then exhaust it ({T}). (Exhausted cards can't be played and have no Support abilities.);;HuoMiao Studio;Well, they didn't mean literally.;;
ALT_ALIZE_B_LY_43_C;ALT_ALIZE_B_LY_43_C;LY;COMMON;Winter Outfits;Winter Outfits;EXPEDITION_PERMANENT;GEAR;1;1;;;;Characters in my Expedition have their {V}, {M}, and {O} equal to their highest statistic.;;Fahmi Fauzi;There's no such thing as bad weather, only bad clothing.;;
ALT_ALIZE_B_LY_43_R1;ALT_ALIZE_B_LY_43_C;LY;RARE;Winter Outfits;Winter Outfits;EXPEDITION_PERMANENT;GEAR;1;1;;;;#{R} I lose [FLEETING].#  Characters in my Expedition have their {V}, {M}, and {O} equal to their highest statistic.;;Fahmi Fauzi;There's no such thing as bad weather, only bad clothing.;;
ALT_ALIZE_B_LY_43_R2;ALT_ALIZE_B_LY_43_C;MU;RARE;Winter Outfits;Winter Outfits;EXPEDITION_PERMANENT;GEAR;1;1;;;;#{R} I lose [FLEETING].#  Characters in my Expedition have their {V}, {M}, and {O} equal to their highest statistic.;;Fahmi Fauzi;There's no such thing as bad weather, only bad clothing.;;
ALT_ALIZE_B_LY_44_C;ALT_ALIZE_B_LY_44_C;LY;COMMON;The Magic Sleigh;The Magic Sleigh;EXPEDITION_PERMANENT;GEAR;4;4;;;;If my Expedition would move forward during Dusk, it moves twice instead.;;Khoa Viet;Here to sleigh!;;
ALT_ALIZE_B_LY_44_R1;ALT_ALIZE_B_LY_44_C;LY;RARE;The Magic Sleigh;The Magic Sleigh;EXPEDITION_PERMANENT;GEAR;#3#;#3#;;;;#{J} I gain [FLEETING_CHAR].#  If my Expedition would move forward during Dusk, it moves twice instead.;;Khoa Viet;Here to sleigh!;;
ALT_ALIZE_B_LY_44_R2;ALT_ALIZE_B_LY_44_C;BR;RARE;The Magic Sleigh;The Magic Sleigh;EXPEDITION_PERMANENT;GEAR;#3#;#3#;;;;#{J} I gain [FLEETING_CHAR].#  If my Expedition would move forward during Dusk, it moves twice instead.;;Khoa Viet;Here to sleigh!;;
ALT_ALIZE_B_LY_45_C;ALT_ALIZE_B_LY_45_C;LY;COMMON;Icebound Tundra;Icebound Tundra;LANDMARK_PERMANENT;SITE;3;3;;;;When you play a Character in a region type where its base statistic is 0 — I gain a Trial counter.  When I gain my third Trial counter — Sacrifice me. If you do, create a [DRAGON_SHADE] Illusion token in target Expedition, then return a card from your Reserve to your hand.;;Fahmi Fauzi;We can hear it, echoing in the vast expanses.;;
ALT_ALIZE_B_LY_45_R1;ALT_ALIZE_B_LY_45_C;LY;RARE;Icebound Tundra;Icebound Tundra;LANDMARK_PERMANENT;SITE;#2#;#2#;;;;When you play a Character in a region type where its base statistic is 0 — I gain a Trial counter.  When I gain my third Trial counter — Sacrifice me. If you do, create a [DRAGON_SHADE] Illusion token in target Expedition, then return a card from your Reserve to your hand.;;Fahmi Fauzi;We can hear it, echoing in the vast expanses.;;
ALT_ALIZE_B_LY_45_R2;ALT_ALIZE_B_LY_45_C;YZ;RARE;Icebound Tundra;Icebound Tundra;LANDMARK_PERMANENT;SITE;#2#;#2#;;;;When you play a Character in a region type where its base statistic is 0 — I gain a Trial counter.  When I gain my third Trial counter — Sacrifice me. If you do, create a [DRAGON_SHADE] Illusion token in target Expedition, then return a card from your Reserve to your hand.;;Fahmi Fauzi;We can hear it, echoing in the vast expanses.;;
ALT_ALIZE_B_MU_02_C;ALT_ALIZE_B_MU_02_C;MU;COMMON;Arjun & Spike;Arjun & Spike;HERO;;;;;;;{T}, Discard a card from your Reserve: the next Character you play this turn with Hand Cost {3} or less gains [ANCHORED]. (During Rest, it doesn't go to Reserve and it loses Anchored.);;Ba Vo;When you care for the earth, it let roots grow strong and resilient.;;
ALT_ALIZE_B_MU_03_C;ALT_ALIZE_B_MU_03_C;MU;COMMON;Rin & Orchid;Rin & Orchid;HERO;;;;;;;When one of your Expeditions moves forward due to {V} — Draw a card, then put a card from your hand in Reserve.;;Zero Wen;The forest always gives back, when you know where to look.;;
ALT_ALIZE_B_MU_31_C;ALT_ALIZE_B_MU_31_C;MU;COMMON;Jack Frost;Jack Frost;CHARACTER;MAGE;2;2;2;1;2;{H} You may exhaust ({T}) target card in Reserve. (Exhausted cards can't be played and have no Support abilities.);;Romain Kurdi;Another holiday... Just the icing on the cake!;;
ALT_ALIZE_B_MU_31_R1;ALT_ALIZE_B_MU_31_C;MU;RARE;Jack Frost;Jack Frost;CHARACTER;MAGE;2;2;2;1;2;#{J}# You may exhaust ({T}) target card in Reserve. (Exhausted cards can't be played and have no Support abilities.);;Romain Kurdi;Another holiday... Just the icing on the cake!;;
ALT_ALIZE_B_MU_31_R2;ALT_ALIZE_B_MU_31_C;OR;RARE;Jack Frost;Jack Frost;CHARACTER;MAGE;2;2;2;1;2;#{J}# You may exhaust ({T}) target card in Reserve. (Exhausted cards can't be played and have no Support abilities.);;Romain Kurdi;Another holiday... Just the icing on the cake!;;
ALT_ALIZE_B_MU_32_C;ALT_ALIZE_B_MU_32_C;MU;COMMON;Snoozer Shroom;Snoozer Shroom;CHARACTER;PLANT;2;2;3;0;2;;{D} : Target Character you control with Hand Cost {4} or less gains [ASLEEP]. (Discard me from Reserve to do this.);Ba Vo;"""Zzz...""";;
ALT_ALIZE_B_MU_32_R1;ALT_ALIZE_B_MU_32_C;MU;RARE;Snoozer Shroom;Snoozer Shroom;CHARACTER;PLANT;2;2;3;0;2;#{H} You may pay {2}. If you do, target Character in the Expedition facing me gains [ASLEEP].#;{D} : Target Character you control with Hand Cost {4} or less gains [ASLEEP]. (Discard me from Reserve to do this.);Ba Vo;"""Zzz...""";;
ALT_ALIZE_B_MU_32_R2;ALT_ALIZE_B_MU_32_C;OR;RARE;Snoozer Shroom;Snoozer Shroom;CHARACTER;PLANT;2;2;3;0;2;#{H} You may pay {2}. If you do, target Character in the Expedition facing me gains [ASLEEP].#;{D} : Target Character you control with Hand Cost {4} or less gains [ASLEEP]. (Discard me from Reserve to do this.);Ba Vo;"""Zzz...""";;
ALT_ALIZE_B_MU_33_C;ALT_ALIZE_B_MU_33_C;MU;COMMON;Persephone;Persephone;CHARACTER;DEITY;2;2;3;0;0;My region is {V} in addition to its other types.;;Zero Wen;After every winter must come spring.;;
ALT_ALIZE_B_MU_33_R1;ALT_ALIZE_B_MU_33_C;MU;RARE;Persephone;Persephone;CHARACTER;DEITY;#3#;2;3;0;0;My region #and the region of the Expedition facing me# are {V} #and lose their other types.#;;Zero Wen;After every winter must come spring.;;
ALT_ALIZE_B_MU_33_R2;ALT_ALIZE_B_MU_33_C;LY;RARE;Persephone;Persephone;CHARACTER;DEITY;#3#;2;3;0;0;My region #and the region of the Expedition facing me# are {V} #and lose their other types.#;;Zero Wen;After every winter must come spring.;;
ALT_ALIZE_B_MU_34_C;ALT_ALIZE_B_MU_34_C;MU;COMMON;Repotter Otter;Repotter Otter;CHARACTER;ANIMAL;3;3;0;4;4;{J} Each player may put a card from their Hand in Reserve.;;Khoa Viet;"""Ah yes. Our new - celebrity.""";;
ALT_ALIZE_B_MU_34_R1;ALT_ALIZE_B_MU_34_C;MU;RARE;Repotter Otter;Repotter Otter;CHARACTER;ANIMAL;3;3;0;4;4;{J} Each player may put a card from their Hand in Reserve #to draw a card#.;;Khoa Viet;"""Ah yes. Our new - celebrity.""";;
ALT_ALIZE_B_MU_34_R2;ALT_ALIZE_B_MU_34_C;AX;RARE;Repotter Otter;Repotter Otter;CHARACTER;ANIMAL;3;3;0;4;4;{J} Each player may put a card from their Hand in Reserve.;;Khoa Viet;"""Ah yes. Our new - celebrity.""";;
ALT_ALIZE_B_MU_35_C;ALT_ALIZE_B_MU_35_C;MU;COMMON;Saskia, Sly Naturalist;Saskia, Sly Naturalist;CHARACTER;ENGINEER;3;3;2;2;2;{J} You may target another Character in {V}. It gains 2 boosts.;;Nestor Papatriantafyllou;Parasitic or symbiotic, life will always find a way to blossom... like this algae.;;
ALT_ALIZE_B_MU_35_R1;ALT_ALIZE_B_MU_35_C;MU;RARE;Saskia, Sly Naturalist;Saskia, Sly Naturalist;CHARACTER;ENGINEER;3;3;#1#;#1#;#1#;{J} Target #any number# of other Characters in {V}. They gain 2 boosts.;;Nestor Papatriantafyllou;Parasitic or symbiotic, life will always find a way to blossom... like this algae.;;
ALT_ALIZE_B_MU_35_R2;ALT_ALIZE_B_MU_35_C;BR;RARE;Saskia, Sly Naturalist;Saskia, Sly Naturalist;CHARACTER;ENGINEER;3;3;2;2;2;{J} You may target another Character in {V}. It gains 2 boosts.;;Nestor Papatriantafyllou;Parasitic or symbiotic, life will always find a way to blossom... like this algae.;;
ALT_ALIZE_B_MU_36_C;ALT_ALIZE_B_MU_36_C;MU;COMMON;Yeti;Yeti;CHARACTER;ANIMAL;3;4;2;2;2;{H} I gain $[ASLEEP].  When another Character joins your Expeditions — It gains 1 boost.;;Matteo Spirito;Not at all abominable.;;
ALT_ALIZE_B_MU_36_R1;ALT_ALIZE_B_MU_36_C;MU;RARE;Yeti;Yeti;CHARACTER;ANIMAL;3;4;2;#3#;#3#;{H} #You may have me# gain $[ASLEEP].  When another Character joins your Expeditions — It gains 1 boost.;;Matteo Spirito;Not at all abominable.;;
ALT_ALIZE_B_MU_36_R2;ALT_ALIZE_B_MU_36_C;BR;RARE;Yeti;Yeti;CHARACTER;ANIMAL;3;4;2;#3#;#3#;{H} #You may have me# gain $[ASLEEP].  When another Character joins your Expeditions — It gains 1 boost.;;Matteo Spirito;Not at all abominable.;;
ALT_ALIZE_B_MU_37_C;ALT_ALIZE_B_MU_37_C;MU;COMMON;Mighty Simbi;Mighty Simbi;CHARACTER;PLANT ELEMENTAL;4;3;4;0;4;When my Expedition moves forward due to {V} — You may sacrifice me to draw a card.;;Gael Giudicelli;A single seed can start a forest.;;
ALT_ALIZE_B_MU_37_R1;ALT_ALIZE_B_MU_37_C;MU;RARE;Mighty Simbi;Mighty Simbi;CHARACTER;PLANT ELEMENTAL;4;3;#3#;0;4;When my Expedition moves forward due to {V} — You may #put me in my owner's Mana zone# (as an exhausted Mana Orb).;;Gael Giudicelli;A single seed can start a forest.;;
ALT_ALIZE_B_MU_37_R2;ALT_ALIZE_B_MU_37_C;BR;RARE;Mighty Simbi;Mighty Simbi;CHARACTER;PLANT ELEMENTAL;4;3;#3#;0;4;When my Expedition moves forward due to {V} — You may #put me in my owner's Mana zone# (as an exhausted Mana Orb).;;Gael Giudicelli;A single seed can start a forest.;;
ALT_ALIZE_B_MU_38_C;ALT_ALIZE_B_MU_38_C;MU;COMMON;Leshy;Leshy;CHARACTER;PLANT DEITY;5;5;4;4;4;{J} I gain 1 boost for each Expedition in {V}.;;Ba Vo;"""I am strong, and you are in my woods!""";;
ALT_ALIZE_B_MU_38_R1;ALT_ALIZE_B_MU_38_C;MU;RARE;Leshy;Leshy;CHARACTER;PLANT DEITY;5;5;#1#;#1#;#1#;#$[GIGANTIC].#  {J} I gain 1 boost for each Expedition in {V}.;;Ba Vo;"""I am strong, and you are in my woods!""";;
ALT_ALIZE_B_MU_38_R2;ALT_ALIZE_B_MU_38_C;BR;RARE;Leshy;Leshy;CHARACTER;PLANT DEITY;5;5;4;4;4;{J} I gain 1 boost for each Expedition in {V}.;;Ba Vo;"""I am strong, and you are in my woods!""";;
ALT_ALIZE_B_MU_39_C;ALT_ALIZE_B_MU_39_C;MU;COMMON;The Snow Maiden;The Snow Maiden;CHARACTER;ELEMENTAL;4;4;5;5;5;{H} Target opponent may [EXHAUSTED_RESUPPLY_INF]. (They put the top card of their deck in Reserve, then exhaust it {T}. Exhausted cards can't be played and have no Support abilities.);;Nestor Papatriantafyllou;Thus, as the snow falls under the sky's clear frost. She has awoken - Snegurochka is once again!;;
ALT_ALIZE_B_MU_39_R1;ALT_ALIZE_B_MU_39_C;MU;RARE;The Snow Maiden;The Snow Maiden;CHARACTER;ELEMENTAL;4;#5#;#6#;#6#;#6#;{H} Target opponent may [EXHAUSTED_RESUPPLY_INF] #twice#. (They put the top card of their deck in Reserve, then exhaust it {T}.);;Nestor Papatriantafyllou;Thus, as the snow falls under the sky's clear frost. She has awoken - Snegurochka is once again!;;
ALT_ALIZE_B_MU_39_R2;ALT_ALIZE_B_MU_39_C;OR;RARE;The Snow Maiden;The Snow Maiden;CHARACTER;ELEMENTAL;4;4;5;5;5;{H} Target opponent may [EXHAUSTED_RESUPPLY_INF]. (They put the top card of their deck in Reserve, then exhaust it {T}.);;Nestor Papatriantafyllou;Thus, as the snow falls under the sky's clear frost. She has awoken - Snegurochka is once again!;;
ALT_ALIZE_B_MU_40_C;ALT_ALIZE_B_MU_40_C;MU;COMMON;Demeter;Demeter;CHARACTER;PLANT DEITY;6;6;6;5;5;If I'm in {V}, I am $[ETERNAL_FS].;;Zero Wen;Hope springs eternal.;;
ALT_ALIZE_B_MU_40_R1;ALT_ALIZE_B_MU_40_C;MU;RARE;Demeter;Demeter;CHARACTER;PLANT DEITY;#7#;#7#;6;5;5;#{J} Target Character gains [ANCHORED].#  If I'm in {V}, I am $[ETERNAL_FS].;;Zero Wen;Hope springs eternal.;;
ALT_ALIZE_B_MU_40_R2;ALT_ALIZE_B_MU_40_C;BR;RARE;Demeter;Demeter;CHARACTER;PLANT DEITY;6;6;6;5;5;If I'm in {V}, I am $[ETERNAL_FS].;;Zero Wen;Hope springs eternal.;;
ALT_ALIZE_B_MU_41_C;ALT_ALIZE_B_MU_41_C;MU;COMMON;Sow;Sow;SPELL;BOON;1;1;;;;[COOLDOWN]. (If I go to Reserve after my effect resolves, exhaust me {T}. Exhausted cards can't be played and have no Support abilities.)  Target Character gains 1 boost.;{D} : The next Character you play this turn gains 1 boost. (Discard me from Reserve to do this.);Romain Kurdi;The wise gardener prepares ahead of spring.;;
ALT_ALIZE_B_MU_41_R1;ALT_ALIZE_B_MU_41_C;MU;RARE;Sow;Sow;SPELL;BOON;1;1;;;;$[COOLDOWN].  Target Character gains 1 boost.;{D} : #Target Character with Hand Cost {3} or less gains [ANCHORED].# (Discard me from Reserve to do this.);Romain Kurdi;The wise gardener prepares ahead of spring.;;
ALT_ALIZE_B_MU_41_R2;ALT_ALIZE_B_MU_41_C;BR;RARE;Sow;Sow;SPELL;BOON;1;1;;;;$[COOLDOWN].  Target Character gains 1 boost.;{D} : #Target Character with Hand Cost {3} or less gains [ANCHORED].# (Discard me from Reserve to do this.);Romain Kurdi;The wise gardener prepares ahead of spring.;;
ALT_ALIZE_B_MU_42_C;ALT_ALIZE_B_MU_42_C;MU;COMMON;Lost in the Woods;Lost in the Woods;SPELL;DISRUPTION;3;3;;;;[FLEETING].  Choose one:  • Send target Character in {V} to Reserve.  • Discard target Permanent.;;HuoMiao Studio;They're not out of the woods yet.;;
ALT_ALIZE_B_MU_42_R1;ALT_ALIZE_B_MU_42_C;MU;RARE;Lost in the Woods;Lost in the Woods;SPELL;DISRUPTION;3;3;;;;[FLEETING].  Choose one:  • Send target Character to Reserve. #If it wasn't in {V}, its controller draws a card.#  • Discard target Permanent.;;HuoMiao Studio;They're not out of the woods yet.;;
ALT_ALIZE_B_MU_42_R2;ALT_ALIZE_B_MU_42_C;LY;RARE;Lost in the Woods;Lost in the Woods;SPELL;DISRUPTION;3;3;;;;[FLEETING].  Choose one:  • Send target Character to Reserve. #If it wasn't in {V}, its controller draws a card.#  • Discard target Permanent.;;HuoMiao Studio;They're not out of the woods yet.;;
ALT_ALIZE_B_MU_43_C;ALT_ALIZE_B_MU_43_C;MU;COMMON;Magic Beans;Magic Beans;EXPEDITION_PERMANENT;GEAR;1;1;;;;{J} Target Character in my Expedition gains 1 boost.  My region is {V} in addition to its other types.;;Gael Giudicelli;Come on, spill the beans!;;
ALT_ALIZE_B_MU_43_R1;ALT_ALIZE_B_MU_43_C;MU;RARE;Magic Beans;Magic Beans;EXPEDITION_PERMANENT;GEAR;#2#;#2#;;;;{J} Target Character in my Expedition gains 1 boost.  My region #and the region of the Expedition facing me# are {V} #and lose their other types.#;;Gael Giudicelli;Come on, spill the beans!;;
ALT_ALIZE_B_MU_43_R2;ALT_ALIZE_B_MU_43_C;LY;RARE;Magic Beans;Magic Beans;EXPEDITION_PERMANENT;GEAR;#2#;#2#;;;;{J} Target Character in my Expedition gains 1 boost.  My region #and the region of the Expedition facing me# are {V} #and lose their other types.#;;Gael Giudicelli;Come on, spill the beans!;;
ALT_ALIZE_B_MU_44_C;ALT_ALIZE_B_MU_44_C;MU;COMMON;Floral Tent;Floral Tent;EXPEDITION_PERMANENT;GEAR;1;1;;;;{J} $[RESUPPLY].  If an [ANCHORED] Character would leave my Expedition during the Afternoon, it loses [ANCHORED] instead.;;Zael;A beautiful shelter from the raging elements outside.;;
ALT_ALIZE_B_MU_44_R1;ALT_ALIZE_B_MU_44_C;MU;RARE;Floral Tent;Floral Tent;EXPEDITION_PERMANENT;GEAR;#2#;1;;;;{J} [RESUPPLY].  If an [ANCHORED] Character would leave my Expedition during the Afternoon, it loses [ANCHORED] instead.;#{D} : Target Character with Hand Cost {3} or less gains [ANCHORED].# (Discard me from Reserve to do this.);Zael;A beautiful shelter from the raging elements outside.;;
ALT_ALIZE_B_MU_44_R2;ALT_ALIZE_B_MU_44_C;BR;RARE;Floral Tent;Floral Tent;EXPEDITION_PERMANENT;GEAR;#2#;1;;;;{J} [RESUPPLY].  If a #[BOOSTED] Character# would leave my Expedition during the Afternoon, #it loses all its boosts# instead.;#{D} : Target Character with Hand Cost {3} or less gains [ANCHORED].# (Discard me from Reserve to do this.);Zael;A beautiful shelter from the raging elements outside.;;
ALT_ALIZE_B_MU_45_C;ALT_ALIZE_B_MU_45_C;MU;COMMON;Icebound Taiga;Icebound Taiga;LANDMARK_PERMANENT;SITE;3;3;;;;When you play a Character in {V} — I gain a Trial counter.  When I gain my third Trial counter — Sacrifice me. If you do, create a [DRAGON_SHADE] Illusion token in target Expedition, then it gains [ANCHORED].;;Max Fiévé;We can sense it in the woodland silences, like a tremor.;;
ALT_ALIZE_B_MU_45_R1;ALT_ALIZE_B_MU_45_C;MU;RARE;Icebound Taiga;Icebound Taiga;LANDMARK_PERMANENT;SITE;3;#2#;;;;When you play a Character in {V} — I gain a Trial counter.  When I gain my third Trial counter — Sacrifice me. If you do, create a [DRAGON_SHADE] Illusion token in target Expedition, then it gains [ANCHORED].;;Max Fiévé;We can sense it in the woodland silences, like a tremor.;;
ALT_ALIZE_B_MU_45_R2;ALT_ALIZE_B_MU_45_C;LY;RARE;Icebound Taiga;Icebound Taiga;LANDMARK_PERMANENT;SITE;3;#2#;;;;When you play a Character in {V} — I gain a Trial counter.  When I gain my third Trial counter — Sacrifice me. If you do, create a [DRAGON_SHADE] Illusion token in target Expedition, then it gains [ANCHORED].;;Max Fiévé;We can sense it in the woodland silences, like a tremor.;;
ALT_ALIZE_B_NE_01_C;ALT_ALIZE_B_NE_01_C;NE;COMMON;Mana Convergence;Mana Convergence;TOKEN_MANA;;;;;;;I can't be played but I can be used as a Mana Orb. (In Draft or Sealed format, you may add any number of 'Mana Convergence' cards to your deck.);;;Mana is the cement that binds ideas and reality.;;
ALT_ALIZE_B_NE_02_C;ALT_ALIZE_B_NE_02_C;NE;COMMON;Dragon Shade;Dragon Shade;TOKEN;ILLUSION;;;5;5;5;(If I leave the Expedition zone, remove me from the game.);;Zero Wen;It is a shadow, a phantom, always hissing, always whispering. It wants to be found. It wants to be unleashed.;;
ALT_ALIZE_B_OR_01_C;ALT_ALIZE_B_OR_01_C;OR;COMMON;Sigismar & Wingspan;Sigismar & Wingspan;HERO;;;;;;;At Noon — Create an [ORDIS_RECRUIT] Soldier token in your Hero Expedition.;;Edward Cheekokseang;"""Follow me, friends! If we stand together, nothing can stop us!""";;
ALT_ALIZE_B_OR_03_C;ALT_ALIZE_B_OR_03_C;OR;COMMON;Gulrang & Tocsin;Gulrang & Tocsin;HERO;;;;;;;When you create a token Character — It gains 1 boost.  If you have less than eight Mana Orbs, [BOOSTED_TKN_P] tokens you control are [DEFENDER_TKN_P]. (Their Expeditions can't advance during Dusk.);;Taras Susak;The Ordis way lies in patience and resilience.;;
ALT_CORE_B_OR_31_C;ALT_CORE_B_OR_31_C;OR;COMMON;Ordis Recruit;Ordis Recruit;TOKEN;SOLDIER;;;1;1;1;(If I leave the Expedition zone, remove me from the game.);;Taras Susak;The Ordis way lies in patience and resilience.;;
ALT_ALIZE_B_OR_33_C;ALT_ALIZE_B_OR_33_C;OR;COMMON;Hound;Hound;CHARACTER;ANIMAL;2;2;2;2;0;{J} If my Expedition is behind, I gain 1 boost.;;Anh Tung;Like a dog with a bone.;;
ALT_ALIZE_B_OR_33_R1;ALT_ALIZE_B_OR_33_C;OR;RARE;Hound;Hound;CHARACTER;ANIMAL;#1#;#1#;#1#;#1#;0;{J} If my Expedition is behind, I gain 1 boost.;;Anh Tung;Like a dog with a bone.;;
ALT_ALIZE_B_OR_33_R2;ALT_ALIZE_B_OR_33_C;AX;RARE;Hound;Hound;CHARACTER;ANIMAL;#1#;#1#;#1#;#1#;0;{J} If my Expedition is behind, I gain 1 boost.;;Anh Tung;Like a dog with a bone.;;
ALT_ALIZE_B_OR_34_C;ALT_ALIZE_B_OR_34_C;OR;COMMON;Ordis Overseer;Ordis Overseer;CHARACTER;BUREAUCRAT SOLDIER;2;2;1;1;2;{J} If my Expedition is behind, create an [ORDIS_RECRUIT] Soldier token in my Expedition.;{D} : Create an [ORDIS_RECRUIT] Soldier token in target Expedition. (Discard me from Reserve to do this.);Zael;Proper resource allocation can help make up for lost ground.;;
ALT_ALIZE_B_OR_34_R1;ALT_ALIZE_B_OR_34_C;OR;RARE;Ordis Overseer;Ordis Overseer;CHARACTER;BUREAUCRAT SOLDIER;2;2;1;1;2;{J} If my Expedition is behind, create an [ORDIS_RECRUIT] Soldier token in my Expedition #for each Bureaucrat you control#.;{D} : Create an [ORDIS_RECRUIT] Soldier token in target Expedition. (Discard me from Reserve to do this.);Zael;Proper resource allocation can help make up for lost ground.;;
ALT_ALIZE_B_OR_34_R2;ALT_ALIZE_B_OR_34_C;YZ;RARE;Ordis Overseer;Ordis Overseer;CHARACTER;BUREAUCRAT SOLDIER;2;2;1;1;2;{J} If my Expedition is behind, create an [ORDIS_RECRUIT] Soldier token in my Expedition.;{D} : Create an [ORDIS_RECRUIT] Soldier token in target Expedition. (Discard me from Reserve to do this.);Zael;Proper resource allocation can help make up for lost ground.;;
ALT_ALIZE_B_OR_35_C;ALT_ALIZE_B_OR_35_C;OR;COMMON;Dong Da Shen;Dong Da Shen;CHARACTER;BUREAUCRAT DEITY;4;4;3;4;4;{J} You may exhaust ({T}) target card in Reserve. (Exhausted cards can't be played and have no Support abilities.);;Edward Chee & Seok Yeong;Justice is best served cold.;;
ALT_ALIZE_B_OR_35_R1;ALT_ALIZE_B_OR_35_C;OR;RARE;Dong Da Shen;Dong Da Shen;CHARACTER;BUREAUCRAT DEITY;#3#;#3#;3;#3#;#3#;#At Noon — #You may exhaust ({T}) target card in Reserve. (Exhausted cards can't be played and have no Support abilities.);;Edward Chee & Seok Yeong;Justice is best served cold.;;
ALT_ALIZE_B_OR_35_R2;ALT_ALIZE_B_OR_35_C;MU;RARE;Dong Da Shen;Dong Da Shen;CHARACTER;BUREAUCRAT DEITY;#3#;#3#;3;#3#;#3#;#At Noon — #You may exhaust ({T}) target card in Reserve. (Exhausted cards can't be played and have no Support abilities.);;Edward Chee & Seok Yeong;Justice is best served cold.;;
ALT_ALIZE_B_OR_36_C;ALT_ALIZE_B_OR_36_C;OR;COMMON;Ordis Nightwarden;Ordis Nightwarden;CHARACTER;BUREAUCRAT;2;2;2;2;2;When I gain [ASLEEP] — I gain 1 boost.;;Nestor Papatriantafyllou;Work doesn't stop when the sun goes down.;;
ALT_ALIZE_B_OR_36_R1;ALT_ALIZE_B_OR_36_C;OR;RARE;Ordis Nightwarden;Ordis Nightwarden;CHARACTER;BUREAUCRAT;#3#;#3#;2;2;2;If I would gain [ASLEEP], #I gain $[ANCHORED] instead.#;;Nestor Papatriantafyllou;Work doesn't stop when the sun goes down.;;
ALT_ALIZE_B_OR_36_R2;ALT_ALIZE_B_OR_36_C;LY;RARE;Ordis Nightwarden;Ordis Nightwarden;CHARACTER;BUREAUCRAT;#3#;#3#;2;2;2;If I would gain [ASLEEP], #I gain $[ANCHORED] instead.#;;Nestor Papatriantafyllou;Work doesn't stop when the sun goes down.;;
ALT_ALIZE_B_OR_37_C;ALT_ALIZE_B_OR_37_C;OR;COMMON;Ebenezer Scrooge;Ebenezer Scrooge;CHARACTER;BUREAUCRAT;3;3;3;3;3;;{D} : Target Character you control with Hand Cost {4} or less gains [ASLEEP]. (Discard me from Reserve to do this.);Romain Kurdi;Darkness is cheap, and that's why Scrooge liked it.;;
ALT_ALIZE_B_OR_37_R1;ALT_ALIZE_B_OR_37_C;OR;RARE;Ebenezer Scrooge;Ebenezer Scrooge;CHARACTER;BUREAUCRAT;3;3;3;3;3;#Cards played from Reserve cost {1} more.#;{D} : Target Character you control with Hand Cost {4} or less gains [ASLEEP]. (Discard me from Reserve to do this.);Romain Kurdi;Darkness is cheap, and that's why Scrooge liked it.;;
ALT_ALIZE_B_OR_37_R2;ALT_ALIZE_B_OR_37_C;MU;RARE;Ebenezer Scrooge;Ebenezer Scrooge;CHARACTER;BUREAUCRAT;3;3;3;3;3;#Cards played from Reserve cost {1} less, with a minimum cost of {1}.#;{D} : Target Character you control with Hand Cost {4} or less gains [ASLEEP]. (Discard me from Reserve to do this.);Romain Kurdi;Darkness is cheap, and that's why Scrooge liked it.;;
ALT_ALIZE_B_OR_38_C;ALT_ALIZE_B_OR_38_C;OR;COMMON;Sunisa, Dedicated Ensign;Sunisa, Dedicated Ensign;CHARACTER;SOLDIER;3;3;4;4;4;$[DEFENDER_FS].  If my Expedition is behind, [DEFENDER_CHA_P] Characters don't prevent it from moving forward.;;Jean-Baptiste Andrier;Forward or hold. There is no going back.;;
ALT_ALIZE_B_OR_38_R1;ALT_ALIZE_B_OR_38_C;OR;RARE;Sunisa, Dedicated Ensign;Sunisa, Dedicated Ensign;CHARACTER;SOLDIER;3;3;#3#;#3#;#3#;$[DEFENDER_FS].  If my Expedition is behind, [DEFENDER_CHA_P] Characters don't prevent it from moving forward.   #{J} Create an [ORDIS_RECRUIT] Soldier token in target Expedition.#;;Jean-Baptiste Andrier;Forward or hold. There is no going back.;;
ALT_ALIZE_B_OR_38_R2;ALT_ALIZE_B_OR_38_C;YZ;RARE;Sunisa, Dedicated Ensign;Sunisa, Dedicated Ensign;CHARACTER;SOLDIER;3;3;4;4;4;$[DEFENDER_FS].  If my Expedition is behind, [DEFENDER_CHA_P] Characters don't prevent it from moving forward.;;Jean-Baptiste Andrier;Forward or hold. There is no going back.;;
ALT_ALIZE_B_OR_39_C;ALT_ALIZE_B_OR_39_C;OR;COMMON;Valemon;Valemon;CHARACTER;ANIMAL NOBLE;4;4;6;6;6;Unless you have eight or more Mana Orbs, I am $[DEFENDER].;;Matteo Spirito;Promise me to wait, and I will show you my real face.;;
ALT_ALIZE_B_OR_39_R1;ALT_ALIZE_B_OR_39_C;OR;RARE;Valemon;Valemon;CHARACTER;ANIMAL NOBLE;4;4;#5#;#5#;#5#;Unless you have eight or more Mana Orbs, I am $[DEFENDER].  #If you have ten or more Mana Orbs, I am $[GIGANTIC].#;;Matteo Spirito;Promise me to wait, and I will show you my real face.;;
ALT_ALIZE_B_OR_39_R2;ALT_ALIZE_B_OR_39_C;BR;RARE;Valemon;Valemon;CHARACTER;ANIMAL NOBLE;4;4;#5#;#5#;#5#;Unless you have eight or more Mana Orbs, I am $[DEFENDER].  #If you have ten or more Mana Orbs, I am $[GIGANTIC].#;;Matteo Spirito;Promise me to wait, and I will show you my real face.;;
ALT_ALIZE_B_OR_40_C;ALT_ALIZE_B_OR_40_C;OR;COMMON;Hypothermia;Hypothermia;SPELL;DISRUPTION;1;3;;;;Each player chooses a Character they control. It gains [ASLEEP]. (You choose first. Ignore the statistics of Asleep Characters during Dusk. At Rest, they don't go to Reserve and lose Asleep.);;Justice Wong;Fall asleep in the cold, and you might never wake up.;;
ALT_ALIZE_B_OR_40_R1;ALT_ALIZE_B_OR_40_C;OR;RARE;Hypothermia;Hypothermia;SPELL;DISRUPTION;1;#2#;;;;Each player chooses a Character they control. It gains [ASLEEP]. (You choose first. Ignore the statistics of Asleep Characters during Dusk. At Rest, they don't go to Reserve and lose Asleep.);;Justice Wong;Fall asleep in the cold, and you might never wake up.;;
ALT_ALIZE_B_OR_40_R2;ALT_ALIZE_B_OR_40_C;LY;RARE;Hypothermia;Hypothermia;SPELL;DISRUPTION;1;#2#;;;;Each player chooses a Character they control. It gains [ASLEEP]. (You choose first. Ignore the statistics of Asleep Characters during Dusk. At Rest, they don't go to Reserve and lose Asleep.);;Justice Wong;Fall asleep in the cold, and you might never wake up.;;
ALT_ALIZE_B_OR_41_C;ALT_ALIZE_B_OR_41_C;OR;COMMON;Ordis Liaison;Ordis Liaison;CHARACTER;MESSENGER SOLDIER;4;4;2;2;2;{J} Each other Character you control gains 1 boost.;;Taras Susak;"""How may I help you?""";;
ALT_ALIZE_B_OR_41_R1;ALT_ALIZE_B_OR_41_C;OR;RARE;Ordis Liaison;Ordis Liaison;CHARACTER;MESSENGER SOLDIER;4;4;#3#;#3#;#3#;{J} Each Character #in target Expedition# gains 1 boost.;;Taras Susak;"""How may I help you?""";;
ALT_ALIZE_B_OR_41_R2;ALT_ALIZE_B_OR_41_C;MU;RARE;Ordis Liaison;Ordis Liaison;CHARACTER;MESSENGER SOLDIER;4;4;2;2;2;{J} Each other Character you control gains 1 boost.;;Taras Susak;"""How may I help you?""";;
ALT_ALIZE_B_OR_42_C;ALT_ALIZE_B_OR_42_C;OR;COMMON;Tiny Jail;Tiny Jail;SPELL;DISRUPTION;2;2;;;;[FLEETING].  Send to Reserve target Character with no statistic over 3.;;HuoMiao Studio;Do not collect 200 Florets.;;
ALT_ALIZE_B_OR_42_R1;ALT_ALIZE_B_OR_42_C;OR;RARE;Tiny Jail;Tiny Jail;SPELL;DISRUPTION;2;2;;;;#$[COOLDOWN]#.  Send to Reserve target Character with no statistic over 3.;;HuoMiao Studio;Do not collect 200 Florets.;;
ALT_ALIZE_B_OR_42_R2;ALT_ALIZE_B_OR_42_C;BR;RARE;Tiny Jail;Tiny Jail;SPELL;DISRUPTION;2;2;;;;[FLEETING].  Send to Reserve target Character with no statistic over 3.;;HuoMiao Studio;Do not collect 200 Florets.;;
ALT_ALIZE_B_OR_43_C;ALT_ALIZE_B_OR_43_C;OR;COMMON;Field Reinforcements;Field Reinforcements;SPELL;CONJURATION MANEUVER;2;2;;;;[FLEETING].  Choose one. If each of your Expeditions is behind or tied, you may choose both:  • Draw a card.  • Create an [ORDIS_RECRUIT] Soldier token in target Expedition.;;Jean-Baptiste andrier;Supply lines can sometimes be the difference between failure and success.;;
ALT_ALIZE_B_OR_43_R1;ALT_ALIZE_B_OR_43_C;OR;RARE;Field Reinforcements;Field Reinforcements;SPELL;CONJURATION MANEUVER;2;2;;;;#$[COOLDOWN].#  Choose one. If each of your Expeditions is behind or tied, you may choose both:  • Draw a card.  • Create an [ORDIS_RECRUIT] Soldier token in target Expedition.;;Jean-Baptiste andrier;Supply lines can sometimes be the difference between failure and success.;;
ALT_ALIZE_B_OR_43_R2;ALT_ALIZE_B_OR_43_C;YZ;RARE;Field Reinforcements;Field Reinforcements;SPELL;CONJURATION MANEUVER;2;2;;;;[FLEETING].  Choose one. If each of your Expeditions is behind or tied, you may choose both:  • Draw a card.  • Create an [ORDIS_RECRUIT] Soldier token in target Expedition.;;Jean-Baptiste andrier;Supply lines can sometimes be the difference between failure and success.;;
ALT_ALIZE_B_OR_44_C;ALT_ALIZE_B_OR_44_C;OR;COMMON;Rallying Call;Rallying Call;SPELL;SONG;1;1;;;;Target Character gains 1 boost. If it is [ASLEEP], it loses [ASLEEP].;;Jean-Baptiste andrier;The sound of the horn stirred them from their slumber as the white shadows emerged from the woods.;;
ALT_ALIZE_B_OR_44_R1;ALT_ALIZE_B_OR_44_C;OR;RARE;Rallying Call;Rallying Call;SPELL;SONG;#2#;#2#;;;;Target Character gains 1 boost. If it is [ASLEEP], #it gains [ANCHORED]# and loses [ASLEEP]. (At Rest, it doesn't go to Reserve and loses Anchored).;;Jean-Baptiste andrier;The sound of the horn stirred them from their slumber as the white shadows emerged from the woods.;;
ALT_ALIZE_B_OR_44_R2;ALT_ALIZE_B_OR_44_C;LY;RARE;Rallying Call;Rallying Call;SPELL;SONG;#2#;#2#;;;;Target Character gains 1 boost. If it is [ASLEEP], #it gains [ANCHORED]# and loses [ASLEEP]. (At Rest, it doesn't go to Reserve and loses Anchored).;;Jean-Baptiste andrier;The sound of the horn stirred them from their slumber as the white shadows emerged from the woods.;;
ALT_ALIZE_B_OR_45_C;ALT_ALIZE_B_OR_45_C;OR;COMMON;Mobile Armory;Mobile Armory;EXPEDITION_PERMANENT;GEAR;1;1;;;;{J} Create an [ORDIS_RECRUIT] Soldier token in my Expedition.;;Jean-Baptiste Andrier;The Ordis always come prepared.;;
ALT_ALIZE_B_OR_45_R1;ALT_ALIZE_B_OR_45_C;OR;RARE;Mobile Armory;Mobile Armory;EXPEDITION_PERMANENT;GEAR;1;1;;;;{J} Create an [ORDIS_RECRUIT] Soldier token in my Expedition.  #[DEFENDER_CHA_P] Characters don't prevent my Expedition from moving forward.#;;Jean-Baptiste Andrier;The Ordis always come prepared.;;
ALT_ALIZE_B_OR_45_R2;ALT_ALIZE_B_OR_45_C;YZ;RARE;Mobile Armory;Mobile Armory;EXPEDITION_PERMANENT;GEAR;1;1;;;;{J} Create an [ORDIS_RECRUIT] Soldier token in my Expedition.  #[DEFENDER_CHA_P] Characters don't prevent my Expedition from moving forward.#;;Jean-Baptiste Andrier;The Ordis always come prepared.;;
ALT_ALIZE_B_OR_46_C;ALT_ALIZE_B_OR_46_C;OR;COMMON;Benzaiten;Benzaiten;CHARACTER;DEITY;6;6;6;6;6;{J} If my Expedition is behind, draw a card.;;Zero Wen;Good things come to those who wait.;;
ALT_ALIZE_B_OR_46_R1;ALT_ALIZE_B_OR_46_C;OR;RARE;Benzaiten;Benzaiten;CHARACTER;DEITY;6;6;6;6;6;{J} If my Expedition is behind, draw a card. #Otherwise, [RESUPPLY_LOW].#;;Zero Wen;Good things come to those who wait.;;
ALT_ALIZE_B_OR_46_R2;ALT_ALIZE_B_OR_46_C;BR;RARE;Benzaiten;Benzaiten;CHARACTER;DEITY;6;6;6;6;6;{J} If my Expedition is behind, draw a card.;;Zero Wen;Good things come to those who wait.;;
ALT_ALIZE_B_OR_47_C;ALT_ALIZE_B_OR_47_C;OR;COMMON;Icebound Lake;Icebound Lake;LANDMARK_PERMANENT;SITE;3;3;;;;When a non-token Character joins one of your Expeditions, if it's behind — I gain a Trial counter.  When I gain my third Trial counter — Sacrifice me. If you do, create a [DRAGON_SHADE] Illusion token in target Expedition, then target Character gains [ASLEEP].;;Nestor Papatriantafyllou;With a voice like thunder or crackling ice it howls.;;
ALT_ALIZE_B_OR_47_R1;ALT_ALIZE_B_OR_47_C;OR;RARE;Icebound Lake;Icebound Lake;LANDMARK_PERMANENT;SITE;#2#;#2#;;;;When a non-token Character joins one of your Expeditions, if it's behind — I gain a Trial counter.  When I gain my third Trial counter — Sacrifice me. If you do, create a [DRAGON_SHADE] Illusion token in target Expedition, then target Character gains [ASLEEP].;;Nestor Papatriantafyllou;With a voice like thunder or crackling ice it howls.;;
ALT_ALIZE_B_OR_47_R2;ALT_ALIZE_B_OR_47_C;YZ;RARE;Icebound Lake;Icebound Lake;LANDMARK_PERMANENT;SITE;#2#;#2#;;;;When a non-token Character joins one of your Expeditions, if it's behind — I gain a Trial counter.  When I gain my third Trial counter — Sacrifice me. If you do, create a [DRAGON_SHADE] Illusion token in target Expedition, then target Character gains [ASLEEP].;;Nestor Papatriantafyllou;With a voice like thunder or crackling ice it howls.;;
ALT_ALIZE_B_YZ_01_C;ALT_ALIZE_B_YZ_01_C;YZ;COMMON;Akesha & Taru;Akesha & Taru;HERO;;;;;;;{T} : $[AFTER_YOU]. You can only activate this if you are the first player.;;Taras Susak;Whatever ordeals we may face, good manners and politeness are always in fashion!;;
ALT_ALIZE_B_YZ_03_C;ALT_ALIZE_B_YZ_03_C;YZ;COMMON;Afanas & Senka;Afanas & Senka;HERO;;;;;;;When you play a Spell — Target Character you control gains 1 boost. (Do this after the spell resolves.);;Edward Cheekokseang;The world feeds on magic, and withers in its absence.;;
ALT_ALIZE_B_YZ_32_C;ALT_ALIZE_B_YZ_32_C;YZ;COMMON;Moth Larva;Moth Larva;CHARACTER;ANIMAL;1;1;1;0;1;{H} If there are two or more exhausted cards in Reserve, I gain 1 boost.;;Zael;At the start of their short life, the larvae are corporeal...;;
ALT_ALIZE_B_YZ_32_R1;ALT_ALIZE_B_YZ_32_C;YZ;RARE;Moth Larva;Moth Larva;CHARACTER;ANIMAL;1;1;1;0;1;#{J}# If there are two or more exhausted cards in Reserve, I gain 1 boost.;#{D} : Exhaust target card in Reserve.# (Discard me from Reserve to do this.);Zael;At the start of their short life, the larvae are corporeal...;;
ALT_ALIZE_B_YZ_32_R2;ALT_ALIZE_B_YZ_32_C;AX;RARE;Moth Larva;Moth Larva;CHARACTER;ANIMAL;1;1;1;0;1;#{J}# If there are two or more exhausted cards in Reserve, I gain 1 boost.;#{D} : Exhaust target card in Reserve.# (Discard me from Reserve to do this.);Zael;At the start of their short life, the larvae are corporeal...;;
ALT_ALIZE_B_YZ_33_C;ALT_ALIZE_B_YZ_33_C;YZ;COMMON;Chrysalis;Chrysalis;CHARACTER;ANIMAL;2;2;2;1;2;$[DEFENDER].  When I leave the Expedition Zone — Create a [MANA_MOTH] Illusion token in my Expedition.;;Zael;...They build their ice cocoon to turn ethereal.;;
ALT_ALIZE_B_YZ_33_R1;ALT_ALIZE_B_YZ_33_C;YZ;RARE;Chrysalis;Chrysalis;CHARACTER;ANIMAL;2;2;2;#2#;2;$[DEFENDER].  When I leave the Expedition Zone — Create a [MANA_MOTH] Illusion token in my Expedition.;#{D} : Exhaust target card in Reserve.# (Discard me from Reserve to do this.);Zael;...They build their ice cocoon to turn ethereal.;;
ALT_ALIZE_B_YZ_33_R2;ALT_ALIZE_B_YZ_33_C;OR;RARE;Chrysalis;Chrysalis;CHARACTER;ANIMAL;2;2;2;#2#;2;$[DEFENDER].  When I leave the Expedition Zone — Create a [MANA_MOTH] Illusion token in my Expedition.;#{D} : Exhaust target card in Reserve.# (Discard me from Reserve to do this.);Zael;...They build their ice cocoon to turn ethereal.;;
ALT_ALIZE_B_YZ_34_C;ALT_ALIZE_B_YZ_34_C;YZ;COMMON;Pamola;Pamola;CHARACTER;ANIMAL SPIRIT;2;2;0;3;2;;{D} : Exhaust target card in Reserve. (Discard me from Reserve to do this.);Justice Wong;Pamola is always angry with those who climb to the summit.;;
ALT_ALIZE_B_YZ_34_R1;ALT_ALIZE_B_YZ_34_C;YZ;RARE;Pamola;Pamola;CHARACTER;ANIMAL SPIRIT;2;2;#1#;3;#3#;;{D} : Exhaust target card in Reserve. (Discard me from Reserve to do this.);Justice Wong;Pamola is always angry with those who climb to the summit.;;
ALT_ALIZE_B_YZ_34_R2;ALT_ALIZE_B_YZ_34_C;LY;RARE;Pamola;Pamola;CHARACTER;ANIMAL SPIRIT;2;2;0;3;2;;{D} : Exhaust target card in Reserve. (Discard me from Reserve to do this.);Justice Wong;Pamola is always angry with those who climb to the summit.;;
ALT_ALIZE_B_YZ_35_C;ALT_ALIZE_B_YZ_35_C;YZ;COMMON;Belasenka;Belasenka;CHARACTER;ANIMAL;3;2;3;0;3;{H} You may exhaust ({T}) target card in Reserve. (Exhausted cards can't be played and have no Support abilities.);;Ba Vo;The cold snap they ride, like a shivering tide.;;
ALT_ALIZE_B_YZ_35_R1;ALT_ALIZE_B_YZ_35_C;YZ;RARE;Belasenka;Belasenka;CHARACTER;ANIMAL;3;2;3;0;3;{H} You may exhaust ({T}) target card in Reserve. #Then, if there are two or more exhausted card in Reserve, I gain 1 boost.#;;Ba Vo;The cold snap they ride, like a shivering tide.;;
ALT_ALIZE_B_YZ_35_R2;ALT_ALIZE_B_YZ_35_C;BR;RARE;Belasenka;Belasenka;CHARACTER;ANIMAL;3;2;3;0;3;{H} You may exhaust ({T}) target card in Reserve. #Then, if there are two or more exhausted card in Reserve, I gain 1 boost.#;;Ba Vo;The cold snap they ride, like a shivering tide.;;
ALT_ALIZE_B_YZ_36_C;ALT_ALIZE_B_YZ_36_C;YZ;COMMON;Aroro, Savior of Asgartha;Aroro, Savior of Asgartha;CHARACTER;MAGE;4;3;3;3;4;{H} You may discard a Spell from your Reserve. If you do, I gain 1 boost.;;Nestor Papatriantafyllou;Alone, she was able to turn back the tide.;;
ALT_ALIZE_B_YZ_36_R1;ALT_ALIZE_B_YZ_36_C;YZ;RARE;Aroro, Savior of Asgartha;Aroro, Savior of Asgartha;CHARACTER;MAGE;4;3;3;3;#3#;{H} You may discard a Spell from your Reserve. If you do, I gain #2 boosts#.;#{D} : The next Spell you play this turn costs {1} less.# (Discard me from Reserve to do this.);Nestor Papatriantafyllou;Alone, she was able to turn back the tide.;;
ALT_ALIZE_B_YZ_36_R2;ALT_ALIZE_B_YZ_36_C;BR;RARE;Aroro, Savior of Asgartha;Aroro, Savior of Asgartha;CHARACTER;MAGE;4;3;3;3;#3#;{H} You may discard a #Character# from your Reserve. If you do, I gain #2 boosts#.;#{D} : The next Character you play this turn costs {1} less.# (Discard me from Reserve to do this.);Nestor Papatriantafyllou;Alone, she was able to turn back the tide.;;
ALT_ALIZE_B_YZ_37_C;ALT_ALIZE_B_YZ_37_C;YZ;COMMON;Winter Nova;Winter Nova;SPELL;DISRUPTION MANEUVER;8;8;;;;[FLEETING].  Choose three:  • Exhaust up to two cards in Reserve.  • Create two [MANA_MOTH] Illusion tokens in target Expedition.  • Discard target Permanent.  • Target player sacrifices a Character.;;Edward Chee & Seok Yeong;A forgotten power waits to be awakened.;;
ALT_ALIZE_B_YZ_37_R1;ALT_ALIZE_B_YZ_37_C;YZ;RARE;Winter Nova;Winter Nova;SPELL;DISRUPTION MANEUVER;8;8;;;;[FLEETING].  Choose three. #You may pick the same option multiple times:#  • Exhaust up to two cards in Reserve.  • Create two [MANA_MOTH] Illusion tokens in target Expedition.  • Discard target Permanent.  • Target player sacrifices a Character.;;Edward Chee & Seok Yeong;A forgotten power waits to be awakened.;;
ALT_ALIZE_B_YZ_37_R2;ALT_ALIZE_B_YZ_37_C;LY;RARE;Winter Nova;Winter Nova;SPELL;DISRUPTION MANEUVER;8;8;;;;[FLEETING].  Choose three. #You may pick the same option multiple times:#  • Exhaust up to two cards in Reserve.  • Create two [MANA_MOTH] Illusion tokens in target Expedition.  • Discard target Permanent.  • Target player sacrifices a Character.;;Edward Chee & Seok Yeong;A forgotten power waits to be awakened.;;
ALT_ALIZE_B_YZ_38_C;ALT_ALIZE_B_YZ_38_C;YZ;COMMON;The Snow Queen;The Snow Queen;CHARACTER;FAIRY NOBLE;7;7;3;3;3;$[ETERNAL_FS].  Exhausted Characters in Reserve remain exhausted during Morning.;;Taras Susak;The cold never bothered her.;;
ALT_ALIZE_B_YZ_38_R1;ALT_ALIZE_B_YZ_38_C;YZ;RARE;The Snow Queen;The Snow Queen;CHARACTER;FAIRY NOBLE;7;7;3;3;3;[ETERNAL_FS].  #[TOUGH_FS_X], where X is the number of exhausted cards in Reserve.  {J} You may exhaust ({T}) target card in Reserve.#  Exhausted Characters in Reserve remain exhausted during Morning.;;Taras Susak;The cold never bothered her.;;
ALT_ALIZE_B_YZ_38_R2;ALT_ALIZE_B_YZ_38_C;OR;RARE;The Snow Queen;The Snow Queen;CHARACTER;FAIRY NOBLE;7;7;3;3;3;[ETERNAL_FS].  #[TOUGH_FS_X], where X is the number of exhausted cards in Reserve.  {J} You may exhaust ({T}) target card in Reserve.#  Exhausted Characters in Reserve remain exhausted during Morning.;;Taras Susak;The cold never bothered her.;;
ALT_ALIZE_B_YZ_39_C;ALT_ALIZE_B_YZ_39_C;YZ;COMMON;Rime Frost;Rime Frost;SPELL;DISRUPTION;1;2;;;;Exhaust ({T}) target card in Reserve. (Exhausted cards can't be played and have no Support abilities.);;HuoMiao Studio;A late frost delays the spring.;;
ALT_ALIZE_B_YZ_39_R1;ALT_ALIZE_B_YZ_39_C;YZ;RARE;Rime Frost;Rime Frost;SPELL;DISRUPTION;1;2;;;;#Choose one:  • Discard target exhausted card from a Reserve.#  • Exhaust ({T}) target card in Reserve. (Exhausted cards can't be played and have no Support abilities.);;HuoMiao Studio;A late frost delays the spring.;;
ALT_ALIZE_B_YZ_39_R2;ALT_ALIZE_B_YZ_39_C;MU;RARE;Rime Frost;Rime Frost;SPELL;DISRUPTION;1;2;;;;#Choose one:  • Discard target exhausted card from a Reserve.#  • Exhaust ({T}) target card in Reserve. (Exhausted cards can't be played and have no Support abilities.);;HuoMiao Studio;A late frost delays the spring.;;
ALT_ALIZE_B_YZ_40_C;ALT_ALIZE_B_YZ_40_C;YZ;COMMON;Freeze;Freeze;SPELL;DISRUPTION;4;4;;;;$[COOLDOWN].  Send target Character to Reserve, then exhaust it ({T}). (Exhausted cards can't be played and have no Support abilities.);;HuoMiao Studio;"""I'm putting you on ice!""";;
ALT_ALIZE_B_YZ_40_R1;ALT_ALIZE_B_YZ_40_C;YZ;RARE;Freeze;Freeze;SPELL;DISRUPTION;#3#;4;;;;$[COOLDOWN].  Send target Character to Reserve, then exhaust it ({T}).;;HuoMiao Studio;"""I'm putting you on ice!""";;
ALT_ALIZE_B_YZ_40_R2;ALT_ALIZE_B_YZ_40_C;BR;RARE;Freeze;Freeze;SPELL;DISRUPTION;4;4;;;;$[COOLDOWN].  Send target Character to Reserve, then exhaust it ({T}).;;HuoMiao Studio;"""I'm putting you on ice!""";;
ALT_ALIZE_B_YZ_41_C;ALT_ALIZE_B_YZ_41_C;YZ;COMMON;Moth to a Flame;Moth to a Flame;SPELL;MANEUVER;3;2;;;;[COOLDOWN]. (If I go to Reserve after my effect resolves, exhaust me {T}. Exhausted cards can't be played and have no Support abilities.)  Create a [MANA_MOTH] Illusion token in target Expedition.;;HuoMiao Studio;During the scant hours of their brief existence, the Moths flutter about, carrying only the idea of themselves.;;
ALT_ALIZE_B_YZ_41_R1;ALT_ALIZE_B_YZ_41_C;YZ;RARE;Moth to a Flame;Moth to a Flame;SPELL;MANEUVER;#4#;#3#;;;;$[COOLDOWN].  Create a [MANA_MOTH] Illusion token #in each of your Expeditions#.;;HuoMiao Studio;During the scant hours of their brief existence, the Moths flutter about, carrying only the idea of themselves.;;
ALT_ALIZE_B_YZ_41_R2;ALT_ALIZE_B_YZ_41_C;OR;RARE;Moth to a Flame;Moth to a Flame;SPELL;MANEUVER;#4#;#3#;;;;$[COOLDOWN].  Create a [MANA_MOTH] Illusion token #in each of your Expeditions#.;;HuoMiao Studio;During the scant hours of their brief existence, the Moths flutter about, carrying only the idea of themselves.;;
ALT_ALIZE_B_YZ_42_C;ALT_ALIZE_B_YZ_42_C;YZ;COMMON;Blizzard;Blizzard;SPELL;DISRUPTION;5;5;;;;[FLEETING].  Send to Reserve each Character from target Expedition, then exhaust them ({T}). (Exhausted cards can't be played and have no Support abilities.);;Jean-Baptiste Andirer;The icy winds wrecked the army, despite months of preparation.;;
ALT_ALIZE_B_YZ_42_R1;ALT_ALIZE_B_YZ_42_C;YZ;RARE;Blizzard;Blizzard;SPELL;DISRUPTION;5;5;;;;[FLEETING].  #I cost {1} less if there are two or more exhausted cards in Reserve.#  Send to Reserve each Character from target Expedition, then exhaust them ({T}).;;Jean-Baptiste Andirer;The icy winds wrecked the army, despite months of preparation.;;
ALT_ALIZE_B_YZ_42_R2;ALT_ALIZE_B_YZ_42_C;AX;RARE;Blizzard;Blizzard;SPELL;DISRUPTION;5;5;;;;[FLEETING].  Send to Reserve each Character from target Expedition, then exhaust them ({T}).;;Jean-Baptiste Andirer;The icy winds wrecked the army, despite months of preparation.;;
ALT_ALIZE_B_YZ_43_C;ALT_ALIZE_B_YZ_43_C;YZ;COMMON;Flutter of Moths;Flutter of Moths;SPELL;MANEUVER;6;6;;;;I cost {1} less if there are two or more exhausted cards in Reserve.  Create three [MANA_MOTH] Illusion tokens, distributed as you choose among any number of target Expeditions.;;HuoMiao Studio;Ballet with butterfly wings.;;
ALT_ALIZE_B_YZ_43_R1;ALT_ALIZE_B_YZ_43_C;YZ;RARE;Flutter of Moths;Flutter of Moths;SPELL;MANEUVER;#7#;#7#;;;;I cost {1} less #for each exhausted card in Reserve.#  Create three [MANA_MOTH] Illusion tokens, distributed as you choose among any number of target Expeditions.;;HuoMiao Studio;Ballet with butterfly wings.;;
ALT_ALIZE_B_YZ_43_R2;ALT_ALIZE_B_YZ_43_C;AX;RARE;Flutter of Moths;Flutter of Moths;SPELL;MANEUVER;#7#;#7#;;;;I cost {1} less #for each exhausted card in Reserve.#  Create three [MANA_MOTH] Illusion tokens, distributed as you choose among any number of target Expeditions.;;HuoMiao Studio;Ballet with butterfly wings.;;
ALT_ALIZE_B_YZ_44_C;ALT_ALIZE_B_YZ_44_C;YZ;COMMON;Moth Lantern;Moth Lantern;EXPEDITION_PERMANENT;GEAR;3;2;;;;When you sacrifice a non-Illusion Character — Create a [MANA_MOTH] Illusion token in my Expedition.  {J} Sacrifice a Character in my Expedition.;;HuoMiao Studio;In the tricks of its light, shed your skin to become an illusion.;;
ALT_ALIZE_B_YZ_44_R1;ALT_ALIZE_B_YZ_44_C;YZ;RARE;Moth Lantern;Moth Lantern;EXPEDITION_PERMANENT;GEAR;#2#;2;;;;When you sacrifice a non-Illusion Character — Create a [MANA_MOTH] Illusion token in my Expedition.  {J} Sacrifice a Character in my Expedition.;;HuoMiao Studio;In the tricks of its light, shed your skin to become an illusion.;;
ALT_ALIZE_B_YZ_44_R2;ALT_ALIZE_B_YZ_44_C;OR;RARE;Moth Lantern;Moth Lantern;EXPEDITION_PERMANENT;GEAR;#2#;2;;;;When you sacrifice a non-Illusion Character — Create a [MANA_MOTH] Illusion token in my Expedition.  {J} Sacrifice a Character in my Expedition.;;HuoMiao Studio;In the tricks of its light, shed your skin to become an illusion.;;
ALT_ALIZE_B_YZ_45_C;ALT_ALIZE_B_YZ_45_C;YZ;COMMON;The Nilam, Withered Tree;The Nilam, Withered Tree;LANDMARK_PERMANENT;SITE;4;4;;;;When you exhaust a card in Reserve — You may exhaust me ({T}) to create a [MANA_MOTH] Illusion token in target Expedition.  {J} You may exhaust target card in Reserve. (Exhausted cards can't be played and have no Support abilities.);;Khoa Viet;Long after it died, the Nilam still held life as the nesting grounds for the Mana Moths.;;
ALT_ALIZE_B_YZ_45_R1;ALT_ALIZE_B_YZ_45_C;YZ;RARE;The Nilam, Withered Tree;The Nilam, Withered Tree;LANDMARK_PERMANENT;SITE;#3#;#3#;;;;When you exhaust a card in Reserve — You may exhaust me ({T}) to create a [MANA_MOTH] Illusion token in target Expedition.;;Khoa Viet;Long after it died, the Nilam still held life as the nesting grounds for the Mana Moths.;;
ALT_ALIZE_B_YZ_45_R2;ALT_ALIZE_B_YZ_45_C;AX;RARE;The Nilam, Withered Tree;The Nilam, Withered Tree;LANDMARK_PERMANENT;SITE;4;4;;;;When you exhaust a card in Reserve — You may exhaust me ({T}) to create a [MANA_MOTH] Illusion token in target Expedition.  {J} You may exhaust target card in Reserve.;;Khoa Viet;Long after it died, the Nilam still held life as the nesting grounds for the Mana Moths.;;
ALT_ALIZE_B_YZ_46_C;ALT_ALIZE_B_YZ_46_C;YZ;COMMON;Icebound Pass;Icebound Pass;LANDMARK_PERMANENT;SITE;4;4;;;;When you exhaust a card in Reserve — I gain a Trial counter.  When I gain my third Trial counter — Sacrifice me. If you do, create a [DRAGON_SHADE] Illusion token in target Expedition, then draw a card.;;Justice Wong;We can hear it roar in the snowy passes.;;
ALT_ALIZE_B_YZ_46_R1;ALT_ALIZE_B_YZ_46_C;YZ;RARE;Icebound Pass;Icebound Pass;LANDMARK_PERMANENT;SITE;#3#;#3#;;;;When you exhaust a card in Reserve — I gain a Trial counter.  When I gain my third Trial counter — Sacrifice me. If you do, create a [DRAGON_SHADE] Illusion token in target Expedition, then draw a card.;;Justice Wong;We can hear it roar in the snowy passes.;;
ALT_ALIZE_B_YZ_46_R2;ALT_ALIZE_B_YZ_46_C;AX;RARE;Icebound Pass;Icebound Pass;LANDMARK_PERMANENT;SITE;#3#;#3#;;;;When you exhaust a card in Reserve — I gain a Trial counter.  When I gain my third Trial counter — Sacrifice me. If you do, create a [DRAGON_SHADE] Illusion token in target Expedition, then draw a card.;;Justice Wong;We can hear it roar in the snowy passes.;;
ALT_ALIZE_B_YZ_47_C;ALT_ALIZE_B_YZ_47_C;YZ;COMMON;Mana Moth;Mana Moth;TOKEN;ILLUSION;;;2;2;2;(If I leave the Expedition zone, remove me from the game.);;HuoMiao Studio;During their short existence, they continuously leak an incredibly pure Mana into their environment.;;
ALT_ALIZE_P_AX_48_C;ALT_ALIZE_P_AX_48_C;AX;COMMON;Kuraokami Unbound;Kuraokami Unbound;CHARACTER;DRAGON DEITY;6;5;5;5;5;{H} Exhaust all cards in Reserve. (Exhausted cards can't be played and have no Support abilities.);;;;;
ALT_ALIZE_P_AX_48_R1;ALT_ALIZE_P_AX_48_C;AX;RARE;Kuraokami Unbound;Kuraokami Unbound;CHARACTER;DRAGON DEITY;6;5;5;5;5;#{J}# Exhaust all cards in Reserve#, then ready your cards in Reserve#.;;;;;
ALT_ALIZE_P_BR_48_C;ALT_ALIZE_P_BR_48_C;BR;COMMON;Kuraokami Unbound;Kuraokami Unbound;CHARACTER;DRAGON DEITY;6;5;5;5;5;{H} Exhaust all cards in Reserve. (Exhausted cards can't be played and have no Support abilities.);;;;;
ALT_ALIZE_P_BR_48_R1;ALT_ALIZE_P_BR_48_C;BR;RARE;Kuraokami Unbound;Kuraokami Unbound;CHARACTER;DRAGON DEITY;6;#6#;#6#;#6#;#6#;{H} Exhaust all cards in Reserve.  #{R} [FLEETING_CHAR] Characters you control gain 2 boosts.#;;;;;
ALT_ALIZE_P_LY_48_C;ALT_ALIZE_P_LY_48_C;LY;COMMON;Kuraokami Unbound;Kuraokami Unbound;CHARACTER;DRAGON DEITY;6;5;5;5;5;{H} Exhaust all cards in Reserve. (Exhausted cards can't be played and have no Support abilities.);;;;;
ALT_ALIZE_P_LY_48_R1;ALT_ALIZE_P_LY_48_C;LY;RARE;Kuraokami Unbound;Kuraokami Unbound;CHARACTER;DRAGON DEITY;6;5;5;5;5;{H} #Return a card from your Reserve to your hand, then# exhaust all cards in Reserve.;;;;;
ALT_ALIZE_P_MU_48_C;ALT_ALIZE_P_MU_48_C;MU;COMMON;Kuraokami Unbound;Kuraokami Unbound;CHARACTER;DRAGON DEITY;6;5;5;5;5;{H} Exhaust all cards in Reserve. (Exhausted cards can't be played and have no Support abilities.);;;;;
ALT_ALIZE_P_MU_48_R1;ALT_ALIZE_P_MU_48_C;MU;RARE;Kuraokami Unbound;Kuraokami Unbound;CHARACTER;DRAGON DEITY;#7#;#7#;5;5;5;{H} Exhaust all cards in Reserve.  #{J} I gain [ANCHORED].#;;;;;
ALT_ALIZE_P_OR_48_C;ALT_ALIZE_P_OR_48_C;OR;COMMON;Kuraokami Unbound;Kuraokami Unbound;CHARACTER;DRAGON DEITY;6;5;5;5;5;{H} Exhaust all cards in Reserve. (Exhausted cards can't be played and have no Support abilities.);;;;;
ALT_ALIZE_P_OR_48_R1;ALT_ALIZE_P_OR_48_C;OR;RARE;Kuraokami Unbound;Kuraokami Unbound;CHARACTER;DRAGON DEITY;6;5;5;5;5;{H} Exhaust all cards in Reserve. #Then, target an Expedition that's ahead. Each of its Characters gain [ASLEEP].#;;;;;
ALT_ALIZE_P_YZ_48_C;ALT_ALIZE_P_YZ_48_C;YZ;COMMON;Kuraokami Unbound;Kuraokami Unbound;CHARACTER;DRAGON DEITY;6;5;5;5;5;{H} Exhaust all cards in Reserve. (Exhausted cards can't be played and have no Support abilities.);;;;;
ALT_ALIZE_P_YZ_48_R1;ALT_ALIZE_P_YZ_48_C;YZ;RARE;Kuraokami Unbound;Kuraokami Unbound;CHARACTER;DRAGON DEITY;#7#;5;5;5;5;{H} #Target opponent puts a card from their hand in Reserve. Then,# exhaust all cards in Reserve.;;;;;
