ID;ID Base;Faction;Alteration;Name;Name En;Colonne3;Colonne2;Colonne1;Type;Sub-Type;Cost;Recall Cost;Vegetal;Mineral;Aquatic;Effect;Echo;;;;;;;;;flavor;;;;;#;Artist;Placeholder Y/N;Etat Brief;Tags;State;Changement;Commentaire;Promo?
ALT_EOLE_B_AX_65_C;ALT_EOLE_B_AX_65_C;AX;COMMON;Isaree & Pebble;Isaree & Pebble;;;;HERO;;;;;;;"At Noon — If you are first player, create an [AEROLITH] token in your Landmarks. (It's a Permanent with ""When I'm sacrificed — Resupply. {T}, {1}: Sacrifice me."")";;001;;FAUX;FAUX;FAUX;FAUX;FAUX;001;;;FAUX;;;;Justice Wong;;;;;;;
ALT_EOLE_B_AX_106_C;ALT_EOLE_B_AX_106_C;AX;COMMON;Sneaky Salamander;Sneaky Salamander;;;;CHARACTER;ANIMAL;1;1;1;1;0;{H} You may put a card from your hand in Reserve.;;002;;FAUX;FAUX;FAUX;FAUX;FAUX;002;;;FAUX;;;;Khoa Viet;;;;;;;
ALT_EOLE_B_AX_106_R1;ALT_EOLE_B_AX_106_C;AX;RARE;Sneaky Salamander;Sneaky Salamander;;;;CHARACTER;ANIMAL;1;1;1;#2#;0;#{J}# You may put a card from your hand in Reserve.;;002;;FAUX;FAUX;FAUX;FAUX;FAUX;002;;;FAUX;;;;Khoa Viet;;;;;;;
ALT_EOLE_B_AX_106_R2;ALT_EOLE_B_AX_106_C;LY;RARE;Sneaky Salamander;Sneaky Salamander;;;;CHARACTER;ANIMAL;1;1;1;#2#;0;#{J}# You may put a card from your hand in Reserve.;;002;;FAUX;FAUX;FAUX;FAUX;FAUX;002;;;FAUX;;;;Khoa Viet;;;;;;;
ALT_EOLE_B_AX_110_C;ALT_EOLE_B_AX_110_C;AX;COMMON;Toting Armadillo;Toting Armadillo;;;;CHARACTER;ANIMAL;2;2;0;2;2;{H} Pay {1} less for the next Permanent you play this Afternoon, down to a minimum of {1}. (Other effects may reduce it further.);;003;;FAUX;FAUX;FAUX;FAUX;FAUX;003;;;FAUX;;;;Anh Tung;;;;;;;
ALT_EOLE_B_AX_110_R1;ALT_EOLE_B_AX_110_C;AX;RARE;Toting Armadillo;Toting Armadillo;;;;CHARACTER;ANIMAL;2;#1#;0;2;2;{H} Pay {1} less for the next Permanent you play this Afternoon, down to a minimum of {1}.;;003;;FAUX;FAUX;FAUX;FAUX;FAUX;003;;;FAUX;;;;Anh Tung;;;;;;;
ALT_EOLE_B_AX_110_R2;ALT_EOLE_B_AX_110_C;OR;RARE;Toting Armadillo;Toting Armadillo;;;;CHARACTER;ANIMAL;2;#1#;0;2;2;{H} Pay {1} less for the next Permanent you play this Afternoon, down to a minimum of {1}.;;003;;FAUX;FAUX;FAUX;FAUX;FAUX;003;;;FAUX;;;;Anh Tung;;;;;;;
ALT_EOLE_B_AX_108_C;ALT_EOLE_B_AX_108_C;AX;COMMON;Corrupted Paju;Corrupted Paju;;;;CHARACTER;ADVENTURER CORRUPTION;2;2;2;2;2;"{H} I gain [FLEETING] unless your hand is empty.  {R} Create an [AEROLITH] token in your Landmarks. (It's a Permanent with ""When I'm sacrificed — Resupply. {T}, {1}: Sacrifice me."")";;004;;FAUX;FAUX;FAUX;FAUX;FAUX;004;;;FAUX;;;;Gamon Studio;;;;;;;
ALT_EOLE_B_AX_108_R1;ALT_EOLE_B_AX_108_C;AX;RARE;Corrupted Paju;Corrupted Paju;;;;CHARACTER;ADVENTURER CORRUPTION;2;2;2;2;#0#;#I can't be played# if there's another card in your hand.  #{J}# Create an [AEROLITH] token in your Landmarks.;#{D} : Create an [AEROLITH] token in target player's Landmarks.#;004;;FAUX;FAUX;FAUX;FAUX;FAUX;004;;;FAUX;;;;Gamon Studio;;;;;;;
ALT_EOLE_B_AX_108_R2;ALT_EOLE_B_AX_108_C;LY;RARE;Corrupted Paju;Corrupted Paju;;;;CHARACTER;ADVENTURER CORRUPTION;2;2;2;2;#0#;{H} I gain [FLEETING] unless your hand is empty.  #{J}# Create an [AEROLITH] token in your Landmarks.;#{D} : Create an [AEROLITH] token in target player's Landmarks.#;004;;FAUX;FAUX;FAUX;FAUX;FAUX;004;;;FAUX;;;;Gamon Studio;;;;;;;
ALT_EOLE_B_AX_109_C;ALT_EOLE_B_AX_109_C;AX;COMMON;Reka Scavenger;Reka Scavenger;;;;CHARACTER;ENGINEER;2;2;2;1;1;When you pass — If there's at most one card in your hand, I gain 1 boost.;;005;;FAUX;FAUX;FAUX;FAUX;FAUX;005;;;FAUX;;;;Justice Wong;;;;;;;
ALT_EOLE_B_AX_109_R1;ALT_EOLE_B_AX_109_C;AX;RARE;Reka Scavenger;Reka Scavenger;;;;CHARACTER;ENGINEER;2;2;#1#;1;1;When you pass — If your hand #is empty,# I gain #2 boosts.#;;005;;FAUX;FAUX;FAUX;FAUX;FAUX;005;;;FAUX;;;;Justice Wong;;;;;;;
ALT_EOLE_B_AX_109_R2;ALT_EOLE_B_AX_109_C;BR;RARE;Reka Scavenger;Reka Scavenger;;;;CHARACTER;ENGINEER;2;2;#1#;1;1;When you pass — If your hand #is empty,# I gain #2 boosts.#;;005;;FAUX;FAUX;FAUX;FAUX;FAUX;005;;;FAUX;;;;Justice Wong;;;;;;;
ALT_EOLE_B_AX_107_C;ALT_EOLE_B_AX_107_C;AX;COMMON;Hop-o'-my-Thumb;Hop-o'-my-Thumb;;;;CHARACTER;CITIZEN;2;2;2;1;2;"{R} You may put a card from your hand in Reserve to create an [AEROLITH] token in your Landmarks. (It's a Permanent with ""When I'm sacrificed — Resupply. {T}, {1}: Sacrifice me."")";;006;;FAUX;FAUX;FAUX;FAUX;FAUX;006;;;FAUX;;;;Zero Wen;;;;;;;
ALT_EOLE_B_AX_107_R1;ALT_EOLE_B_AX_107_C;AX;RARE;Hop-o'-my-Thumb;Hop-o'-my-Thumb;;;;CHARACTER;CITIZEN;2;#1#;2;1;#1#;#{H}# You may put a card from your hand in Reserve to create an [AEROLITH] token in your Landmarks.;;006;;FAUX;FAUX;FAUX;FAUX;FAUX;006;;;FAUX;;;;Zero Wen;;;;;;;
ALT_EOLE_B_AX_107_R2;ALT_EOLE_B_AX_107_C;OR;RARE;Hop-o'-my-Thumb;Hop-o'-my-Thumb;;;;CHARACTER;CITIZEN;2;#1#;2;1;#1#;#{H}# You may put a card from your hand in Reserve to create an [AEROLITH] token in your Landmarks.;;006;;FAUX;FAUX;FAUX;FAUX;FAUX;006;;;FAUX;;;;Zero Wen;;;;;;;
ALT_EOLE_B_AX_111_C;ALT_EOLE_B_AX_111_C;AX;COMMON;Shiramun, Tech Monk;Shiramun, Tech Monk;;;;CHARACTER;ENGINEER;3;2;2;2;3;{H} You may put a card from your hand in Reserve to [SABOTAGE_INF]. (Discard up to one card from a Reserve.);;007;;FAUX;FAUX;FAUX;FAUX;FAUX;007;;;FAUX;;;;Tristan Bideau;;;;;;;
ALT_EOLE_B_AX_111_R1;ALT_EOLE_B_AX_111_C;AX;RARE;Shiramun, Tech Monk;Shiramun, Tech Monk;;;;CHARACTER;ENGINEER;#2#;2;2;2;3;{H} You may #discard a card from your Reserve# to [SABOTAGE_INF].;;007;;FAUX;FAUX;FAUX;FAUX;FAUX;007;;;FAUX;;;;Tristan Bideau;;;;;;;
ALT_EOLE_B_AX_111_R2;ALT_EOLE_B_AX_111_C;YZ;RARE;Shiramun, Tech Monk;Shiramun, Tech Monk;;;;CHARACTER;ENGINEER;#2#;2;2;2;3;{H} You may #discard a card from your Reserve# to [SABOTAGE_INF].;;007;;FAUX;FAUX;FAUX;FAUX;FAUX;007;;;FAUX;;;;Tristan Bideau;;;;;;;
ALT_EOLE_B_AX_114_C;ALT_EOLE_B_AX_114_C;AX;COMMON;Reka Recycler;Reka Recycler;;;;CHARACTER;ENGINEER;3;2;3;2;3;{H} You may discard two cards from your Reserve to draw a card.;;008;;FAUX;FAUX;FAUX;FAUX;FAUX;008;;;FAUX;;;;Tristan Bideau;;;;;;;
ALT_EOLE_B_AX_114_R1;ALT_EOLE_B_AX_114_C;AX;RARE;Reka Recycler;Reka Recycler;;;;CHARACTER;ENGINEER;3;2;3;#1#;3;{H} You may discard #one card# from your Reserve to draw a card.;;008;;FAUX;FAUX;FAUX;FAUX;FAUX;008;;;FAUX;;;;Tristan Bideau;;;;;;;
ALT_EOLE_B_AX_114_R2;ALT_EOLE_B_AX_114_C;LY;RARE;Reka Recycler;Reka Recycler;;;;CHARACTER;ENGINEER;3;2;3;#1#;3;{H} You may discard #one card# from your Reserve to draw a card.;;008;;FAUX;FAUX;FAUX;FAUX;FAUX;008;;;FAUX;;;;Tristan Bideau;;;;;;;
ALT_EOLE_B_AX_122_C;ALT_EOLE_B_AX_122_C;AX;COMMON;Reka Welder;Reka Welder;;;;CHARACTER;ENGINEER;3;3;2;3;2;You play Permanents for {1} less, down to a minimum of {1}. (Other effects may reduce it further.);;009;;FAUX;FAUX;FAUX;FAUX;FAUX;009;;;FAUX;;;;Anh Tung;;;;;;;
ALT_EOLE_B_AX_122_R1;ALT_EOLE_B_AX_122_C;AX;RARE;Reka Welder;Reka Welder;;;;CHARACTER;ENGINEER;3;3;#3#;3;#3#;You play Permanents for {1} less, down to a minimum of {1}.;;009;;FAUX;FAUX;FAUX;FAUX;FAUX;009;;;FAUX;;;;Anh Tung;;;;;;;
ALT_EOLE_B_AX_122_R2;ALT_EOLE_B_AX_122_C;BR;RARE;Reka Welder;Reka Welder;;;;CHARACTER;ENGINEER;3;3;#3#;3;#3#;You play Permanents for {1} less, down to a minimum of {1}.;;009;;FAUX;FAUX;FAUX;FAUX;FAUX;009;;;FAUX;;;;Anh Tung;;;;;;;
ALT_EOLE_B_AX_112_C;ALT_EOLE_B_AX_112_C;AX;COMMON;Frankenstein's Creature;Frankenstein's Creature;;;;CHARACTER;ROBOT;3;3;3;3;0;{R} You may target a Permanent you control with Base Cost {2} or less. It activates its {j} abilities.;;010;;FAUX;FAUX;FAUX;FAUX;FAUX;010;;;FAUX;;;;Gamon Studio;;;;;;;
ALT_EOLE_B_AX_112_R1;ALT_EOLE_B_AX_112_C;AX;RARE;Frankenstein's Creature;Frankenstein's Creature;;;;CHARACTER;ROBOT;#2#;3;3;3;0;{R} You may target a Permanent you control with Base Cost {2} or less. It activates its {j} abilities.;;010;;FAUX;FAUX;FAUX;FAUX;FAUX;010;;;FAUX;;;;Gamon Studio;;;;;;;
ALT_EOLE_B_AX_112_R2;ALT_EOLE_B_AX_112_C;BR;RARE;Frankenstein's Creature;Frankenstein's Creature;;;;CHARACTER;ROBOT;#2#;3;3;3;0;{R} You may target #a Feat# you control. It activates its {j} abilities.;;010;;FAUX;FAUX;FAUX;FAUX;FAUX;010;;;FAUX;;;;Gamon Studio;;;;;;;
ALT_EOLE_B_AX_113_C;ALT_EOLE_B_AX_113_C;AX;COMMON;Master Lapidary;Master Lapidary;;;;CHARACTER;ENGINEER;4;2;3;3;3;;;011;;FAUX;FAUX;FAUX;FAUX;FAUX;011;;;FAUX;;;;Zero Wen;;;;;;;
ALT_EOLE_B_AX_113_R1;ALT_EOLE_B_AX_113_C;AX;RARE;Master Lapidary;Master Lapidary;;;;CHARACTER;ENGINEER;#3#;2;3;3;3;#{H} You may sacrifice a Permanent to ready a Mana Orb.#;;011;;FAUX;FAUX;FAUX;FAUX;FAUX;011;;;FAUX;;;;Zero Wen;;;;;;;
ALT_EOLE_B_AX_113_R2;ALT_EOLE_B_AX_113_C;OR;RARE;Master Lapidary;Master Lapidary;;;;CHARACTER;ENGINEER;#3#;2;3;3;3;#{H} You may sacrifice a Permanent to ready a Mana Orb.#;;011;;FAUX;FAUX;FAUX;FAUX;FAUX;011;;;FAUX;;;;Zero Wen;;;;;;;
ALT_EOLE_B_AX_116_C;ALT_EOLE_B_AX_116_C;AX;COMMON;Stigma of Stagnation;Stigma of Stagnation;;;;CHARACTER;CORRUPTION;4;3;3;5;5;{R} Discard your hand.;;012;;FAUX;FAUX;FAUX;FAUX;FAUX;012;;;FAUX;;;;Anh Tung;;;;;;;
ALT_EOLE_B_AX_116_R1;ALT_EOLE_B_AX_116_C;AX;RARE;Stigma of Stagnation;Stigma of Stagnation;;;;CHARACTER;CORRUPTION;#3#;3;#5#;5;5;#{J}# Discard your hand.;;012;;FAUX;FAUX;FAUX;FAUX;FAUX;012;;;FAUX;;;;Anh Tung;;;;;;;
ALT_EOLE_B_AX_116_R2;ALT_EOLE_B_AX_116_C;YZ;RARE;Stigma of Stagnation;Stigma of Stagnation;;;;CHARACTER;CORRUPTION;#3#;3;#5#;5;5;#{J}# Discard your hand.;;012;;FAUX;FAUX;FAUX;FAUX;FAUX;012;;;FAUX;;;;Anh Tung;;;;;;;
ALT_EOLE_B_AX_115_C;ALT_EOLE_B_AX_115_C;AX;COMMON;Inari, Spirit of Industry;Inari, Spirit of Industry;;;;CHARACTER;DEITY ROBOT;4;4;4;3;4;When you pass — If your hand is empty, draw a card.;;013;;FAUX;FAUX;FAUX;FAUX;FAUX;013;;;FAUX;;;;Julien Carrasco;;;;;;;
ALT_EOLE_B_AX_115_R1;ALT_EOLE_B_AX_115_C;AX;RARE;Inari, Spirit of Industry;Inari, Spirit of Industry;;;;CHARACTER;DEITY ROBOT;4;#3#;4;3;4;When you pass — If your hand is empty, draw a card. #Otherwise, [RESUPPLY_LOW].#;;013;;FAUX;FAUX;FAUX;FAUX;FAUX;013;;;FAUX;;;;Julien Carrasco;;;;;;;
ALT_EOLE_B_AX_115_R2;ALT_EOLE_B_AX_115_C;BR;RARE;Inari, Spirit of Industry;Inari, Spirit of Industry;;;;CHARACTER;DEITY ROBOT;4;#3#;4;3;4;When you pass — If your hand is empty, draw a card. #Otherwise, [RESUPPLY_LOW].#;;013;;FAUX;FAUX;FAUX;FAUX;FAUX;013;;;FAUX;;;;Julien Carrasco;;;;;;;
ALT_EOLE_B_AX_117_E;ALT_EOLE_B_AX_117_C;AX;EXALTED;Plague of Avarice;Plague of Avarice;;;;CHARACTER;CORRUPTION;5;2;2;3;3;{H} Each Permanent you control activates its {j} abilities.  When you pass — Sacrifice a Permanent.;;014;;FAUX;FAUX;FAUX;FAUX;FAUX;014;;;FAUX;;;;Khoa Viet;;;;;;;
ALT_EOLE_B_AX_119_C;ALT_EOLE_B_AX_119_C;AX;COMMON;A Pebble in the Pond;A Pebble in the Pond;;;;SPELL;BOON;2;1;;;;"Create an [AEROLITH] token in your Landmarks. (It's a Permanent with ""When I'm sacrificed — Resupply. {T}, {1}: Sacrifice me."")";;015;;FAUX;FAUX;FAUX;FAUX;FAUX;015;;;FAUX;;;;Jean-Baptiste Andrier;;;;;;;
ALT_EOLE_B_AX_119_R1;ALT_EOLE_B_AX_119_C;AX;RARE;A Pebble in the Pond;A Pebble in the Pond;;;;SPELL;BOON;2;#2#;;;;#Play me for {1} less if there are no tokens in your Landmarks.#  Create an [AEROLITH] token in your Landmarks.;;015;;FAUX;FAUX;FAUX;FAUX;FAUX;015;;;FAUX;;;;Jean-Baptiste Andrier;;;;;;;
ALT_EOLE_B_AX_119_R2;ALT_EOLE_B_AX_119_C;OR;RARE;A Pebble in the Pond;A Pebble in the Pond;;;;SPELL;BOON;2;#2#;;;;#Play me for {1} less if there are no tokens in your Landmarks.#  Create an [AEROLITH] token in your Landmarks.;;015;;FAUX;FAUX;FAUX;FAUX;FAUX;015;;;FAUX;;;;Jean-Baptiste Andrier;;;;;;;
ALT_EOLE_B_AX_118_C;ALT_EOLE_B_AX_118_C;AX;COMMON;Emergency Burst;Emergency Burst;;;;SPELL;DISRUPTION;3;3;;;;[FLEETING].  Play me for {1} less if there are no other cards in your hand.  Send to Reserve target Character with Base Cost {3} or less. (Reserve Cost if it's Fleeting, Hand Cost if not.);;016;;FAUX;FAUX;FAUX;FAUX;FAUX;016;;;FAUX;;;;Khoa Viet;;;;;;;
ALT_EOLE_B_AX_118_R1;ALT_EOLE_B_AX_118_C;AX;RARE;Emergency Burst;Emergency Burst;;;;SPELL;DISRUPTION;3;3;;;;[FLEETING].  Play me for {1} less if there are no other cards in your hand.  #Discard# target Character #or Permanent# with Base Cost #{2} or less.#;;016;;FAUX;FAUX;FAUX;FAUX;FAUX;016;;;FAUX;;;;Khoa Viet;;;;;;;
ALT_EOLE_B_AX_118_R2;ALT_EOLE_B_AX_118_C;BR;RARE;Emergency Burst;Emergency Burst;;;;SPELL;DISRUPTION;3;3;;;;[FLEETING].  Play me for {1} less if there are no other cards in your hand.  #Discard# target Character #or Permanent# with Base Cost #{2} or less.#;;016;;FAUX;FAUX;FAUX;FAUX;FAUX;016;;;FAUX;;;;Khoa Viet;;;;;;;
ALT_EOLE_B_AX_120_E;ALT_EOLE_B_AX_120_C;AX;EXALTED;Deploy the Shields!;Deploy the Shields!;;;;LANDMARK_PERMANENT;FEAT;2;2;;;;{J} If there are no tokens in your Landmarks, create an [AEROLITH] token there.  When you pass — If three cards or more are in your Landmarks, complete me.;[COMPLETED]: When you sacrifice a Permanent — Target non-[BOOSTED] Character in your Reserve gains 1 boost.;017;;FAUX;FAUX;FAUX;FAUX;FAUX;017;;;FAUX;;;;Anh Tung & Ba Vo;;;;;;;
ALT_EOLE_B_AX_121_C;ALT_EOLE_B_AX_121_C;AX;COMMON;Make it Work;Make it Work;;;;LANDMARK_PERMANENT;FEAT;3;3;;;;{J} Put a card from your hand in Reserve.  When you pass — If your hand is empty, complete me.;[COMPLETED]: {T} : If your hand is empty, [RESUPPLY_LOW].;018;;FAUX;FAUX;FAUX;FAUX;FAUX;018;;;FAUX;;;;Zero Wen;;;;;;;
ALT_EOLE_B_AX_121_R1;ALT_EOLE_B_AX_121_C;AX;RARE;Make it Work;Make it Work;;;;LANDMARK_PERMANENT;FEAT;#2#;#2#;;;;{J} Put a card from your hand in Reserve.  When you pass — If your hand is empty, complete me.;[COMPLETED]: {T} : If your hand is empty, [RESUPPLY_LOW].;018;;FAUX;FAUX;FAUX;FAUX;FAUX;018;;;FAUX;;;;Zero Wen;;;;;;;
ALT_EOLE_B_AX_121_R2;ALT_EOLE_B_AX_121_C;BR;RARE;Make it Work;Make it Work;;;;LANDMARK_PERMANENT;FEAT;#2#;#2#;;;;{J} Put a card from your hand in Reserve.  When you pass — If your hand is empty, complete me.;[COMPLETED]: {T} : If your hand is empty, [RESUPPLY_LOW].;018;;FAUX;FAUX;FAUX;FAUX;FAUX;018;;;FAUX;;;;Zero Wen;;;;;;;
ALT_EOLE_B_BR_105_C;ALT_EOLE_B_BR_105_C;BR;COMMON;Gretel & Rust;Gretel & Rust;;;;HERO;;;;;;;"(Keep up to three cards in your Landmarks during Night.)  At Noon — If you control a Feat, create a [RUST] token in your Companion Expedition. (It's a Companion with ""{J} I gain 1 boost per Completed Feat in your Landmarks"".)";;019;;FAUX;FAUX;FAUX;FAUX;FAUX;019;;;FAUX;;;;Tristan Bideau;;;;;;;
ALT_EOLE_B_BR_106_C;ALT_EOLE_B_BR_106_C;BR;COMMON;Raij?;Raij?;;;;CHARACTER;ANIMAL;1;1;2;1;1;{H} I gain [FLEETING]. (If I would be sent to Reserve, discard me instead.);;020;;FAUX;FAUX;FAUX;FAUX;FAUX;020;;;FAUX;;;;Jamin Amaral Fernandez;;;;;;;
ALT_EOLE_B_BR_106_R1;ALT_EOLE_B_BR_106_C;BR;RARE;Raij?;Raij?;;;;CHARACTER;ANIMAL;1;1;2;#2#;1;{H} I gain [FLEETING].;;020;;FAUX;FAUX;FAUX;FAUX;FAUX;020;;;FAUX;;;;Jamin Amaral Fernandez;;;;;;;
ALT_EOLE_B_BR_106_R2;ALT_EOLE_B_BR_106_C;MU;RARE;Raij?;Raij?;;;;CHARACTER;ANIMAL;1;1;2;1;1;{H} I gain [FLEETING].;;020;;FAUX;FAUX;FAUX;FAUX;FAUX;020;;;FAUX;;;;Jamin Amaral Fernandez;;;;;;;
ALT_EOLE_B_BR_110_C;ALT_EOLE_B_BR_110_C;BR;COMMON;Devoted Protector;Devoted Protector;;;;CHARACTER;SOLDIER;1;1;0;1;1;;;021;;FAUX;FAUX;FAUX;FAUX;FAUX;021;;;FAUX;;;;Martin Mottet;;;;;;;
ALT_EOLE_B_BR_110_R1;ALT_EOLE_B_BR_110_C;BR;RARE;Devoted Protector;Devoted Protector;;;;CHARACTER;SOLDIER;1;1;#1#;1;1;#{R} If you control a Feat, I gain 1 boost.#;;021;;FAUX;FAUX;FAUX;FAUX;FAUX;021;;;FAUX;;;;Martin Mottet;;;;;;;
ALT_EOLE_B_BR_110_R2;ALT_EOLE_B_BR_110_C;OR;RARE;Devoted Protector;Devoted Protector;;;;CHARACTER;SOLDIER;1;1;#1#;1;1;#{R} If you control a Feat, I gain 1 boost.#;;021;;FAUX;FAUX;FAUX;FAUX;FAUX;021;;;FAUX;;;;Martin Mottet;;;;;;;
ALT_EOLE_B_BR_112_C;ALT_EOLE_B_BR_112_C;BR;COMMON;Bold Outrider;Bold Outrider;;;;CHARACTER;ADVENTURER;2;2;3;0;3;;;022;;FAUX;FAUX;FAUX;FAUX;FAUX;022;;;FAUX;;;;Fahmi Fauzi;;;;;;;
ALT_EOLE_B_BR_112_R1;ALT_EOLE_B_BR_112_C;BR;RARE;Bold Outrider;Bold Outrider;;;;CHARACTER;ADVENTURER;2;2;3;0;3;#{J} You may immediately play a Feat for {1} less, down to a minimum of {1}.#;#{D} : The next Character you play this turn gains 1 boost.#;022;;FAUX;FAUX;FAUX;FAUX;FAUX;022;;;FAUX;;;;Fahmi Fauzi;;;;;;;
ALT_EOLE_B_BR_112_R2;ALT_EOLE_B_BR_112_C;LY;RARE;Bold Outrider;Bold Outrider;;;;CHARACTER;ADVENTURER;2;2;3;0;3;#{J} You may immediately play a Feat for {1} less, down to a minimum of {1}.#;#{D} : The next Character you play this turn gains 1 boost.#;022;;FAUX;FAUX;FAUX;FAUX;FAUX;022;;;FAUX;;;;Fahmi Fauzi;;;;;;;
ALT_EOLE_B_BR_107_C;ALT_EOLE_B_BR_107_C;BR;COMMON;Guiding Ocelot;Guiding Ocelot;;;;CHARACTER;ANIMAL;2;2;1;1;1;{J} I gain 1 boost.  When another Character joins your Expeditions — You may spend 1 of my boosts. If you do, it gains 1 boost.;;023;;FAUX;FAUX;FAUX;FAUX;FAUX;023;;;FAUX;;;;Julien Carrasco;;;;;;;
ALT_EOLE_B_BR_107_R1;ALT_EOLE_B_BR_107_C;BR;RARE;Guiding Ocelot;Guiding Ocelot;;;;CHARACTER;ANIMAL;2;2;#0#;#0#;#0#;{J} I gain #2 boosts.#  When another Character joins your Expeditions — You may spend 1 boost #from a Character you control# to give it 1 boost.;;023;;FAUX;FAUX;FAUX;FAUX;FAUX;023;;;FAUX;;;;Julien Carrasco;;;;;;;
ALT_EOLE_B_BR_107_R2;ALT_EOLE_B_BR_107_C;MU;RARE;Guiding Ocelot;Guiding Ocelot;;;;CHARACTER;ANIMAL;2;2;#0#;#0#;#0#;{J} I gain #2 boosts.#  When another Character joins your Expeditions — You may spend 1 boost #from a Character you control# to give it 1 boost.;;023;;FAUX;FAUX;FAUX;FAUX;FAUX;023;;;FAUX;;;;Julien Carrasco;;;;;;;
ALT_EOLE_B_BR_109_C;ALT_EOLE_B_BR_109_C;BR;COMMON;Spry Scout;Spry Scout;;;;CHARACTER;ADVENTURER;2;2;2;2;2;{R} If you control a Feat, I gain 1 boost.;;024;;FAUX;FAUX;FAUX;FAUX;FAUX;024;;;FAUX;;;;Kevin Sidharta;;;;;;;
ALT_EOLE_B_BR_109_R1;ALT_EOLE_B_BR_109_C;BR;RARE;Spry Scout;Spry Scout;;;;CHARACTER;ADVENTURER;2;2;2;2;2;{R} If you control a Feat, I gain 1 boost. #If it's [COMPLETED_LOW], up to two target Characters each gain 1 boost instead.#;;024;;FAUX;FAUX;FAUX;FAUX;FAUX;024;;;FAUX;;;;Kevin Sidharta;;;;;;;
ALT_EOLE_B_BR_109_R2;ALT_EOLE_B_BR_109_C;OR;RARE;Spry Scout;Spry Scout;;;;CHARACTER;ADVENTURER;2;2;2;2;2;{R} If you control a Feat, I gain 1 boost. #If it's [COMPLETED_LOW], up to two target Characters each gain 1 boost instead.#;;024;;FAUX;FAUX;FAUX;FAUX;FAUX;024;;;FAUX;;;;Kevin Sidharta;;;;;;;
ALT_EOLE_B_BR_115_C;ALT_EOLE_B_BR_115_C;BR;COMMON;Reka Fixer;Reka Fixer;;;;CHARACTER;ADVENTURER;2;3;0;3;3;{R} If you control a Feat, [RESUPPLY_LOW]. (Put the top card of your deck in Reserve.);{D} : The next Character you play this turn gains 1 boost.;025;;FAUX;FAUX;FAUX;FAUX;FAUX;025;;;FAUX;;;;Andy Jauffrit;;;;;;;
ALT_EOLE_B_BR_115_R1;ALT_EOLE_B_BR_115_C;BR;RARE;Reka Fixer;Reka Fixer;;;;CHARACTER;ADVENTURER;2;3;#2#;3;3;{R} If you control a Feat, [RESUPPLY_LOW]. #If it's [COMPLETED_LOW], draw a card instead.#;{D} : The next Character you play this turn gains 1 boost.;025;;FAUX;FAUX;FAUX;FAUX;FAUX;025;;;FAUX;;;;Andy Jauffrit;;;;;;;
ALT_EOLE_B_BR_115_R2;ALT_EOLE_B_BR_115_C;OR;RARE;Reka Fixer;Reka Fixer;;;;CHARACTER;ADVENTURER;2;3;#2#;3;3;{R} If you control a Feat, [RESUPPLY_LOW]. #If it's [COMPLETED_LOW], draw a card instead.#;{D} : The next Character you play this turn gains 1 boost.;025;;FAUX;FAUX;FAUX;FAUX;FAUX;025;;;FAUX;;;;Andy Jauffrit;;;;;;;
ALT_EOLE_B_BR_108_C;ALT_EOLE_B_BR_108_C;BR;COMMON;Corrupted Aoife;Corrupted Aoife;;;;CHARACTER;ADVENTURER CORRUPTION;2;3;3;0;3;{H} I gain [FLEETING] unless you control a Feat.  {R} You may target another Character. It loses [FLEETING] and gains 1 boost.;;026;;FAUX;FAUX;FAUX;FAUX;FAUX;026;;;FAUX;;;;Gamon Studio;;;;;;;
ALT_EOLE_B_BR_108_R1;ALT_EOLE_B_BR_108_C;BR;RARE;Corrupted Aoife;Corrupted Aoife;;;;CHARACTER;ADVENTURER CORRUPTION;2;#2#;3;0;3;#I can't be played# unless you control a Feat.  {R} You may target another Character. It loses [FLEETING] and gains 1 boost.;;026;;FAUX;FAUX;FAUX;FAUX;FAUX;026;;;FAUX;;;;Gamon Studio;;;;;;;
ALT_EOLE_B_BR_108_R2;ALT_EOLE_B_BR_108_C;AX;RARE;Corrupted Aoife;Corrupted Aoife;;;;CHARACTER;ADVENTURER CORRUPTION;2;#2#;3;0;3;#I can't be played# unless you control a Feat.  {R} You may target another Character. It loses [FLEETING] and gains 1 boost.;;026;;FAUX;FAUX;FAUX;FAUX;FAUX;026;;;FAUX;;;;Gamon Studio;;;;;;;
ALT_EOLE_B_BR_117_C;ALT_EOLE_B_BR_117_C;BR;COMMON;Stern Sentinel;Stern Sentinel;;;;CHARACTER;SOLDIER;3;2;3;3;0;{H} [SABOTAGE] a card with Reserve Cost {2} or less. (You may discard one such card from any Reserve.);;027;;FAUX;FAUX;FAUX;FAUX;FAUX;027;;;FAUX;;;;DOBA;;;;;;;
ALT_EOLE_B_BR_117_R1;ALT_EOLE_B_BR_117_C;BR;RARE;Stern Sentinel;Stern Sentinel;;;;CHARACTER;SOLDIER;3;2;3;3;#2#;{H} #If you control a Feat, [SABOTAGE_LOW].# Otherwise, [SABOTAGE_LOW] a card with Reserve Cost {2} or less.;;027;;FAUX;FAUX;FAUX;FAUX;FAUX;027;;;FAUX;;;;DOBA;;;;;;;
ALT_EOLE_B_BR_117_R2;ALT_EOLE_B_BR_117_C;YZ;RARE;Stern Sentinel;Stern Sentinel;;;;CHARACTER;SOLDIER;3;2;3;3;#2#;{H} #If you control a Feat, [SABOTAGE_LOW].# Otherwise, [SABOTAGE_LOW] a card with Reserve Cost {2} or less.;;027;;FAUX;FAUX;FAUX;FAUX;FAUX;027;;;FAUX;;;;DOBA;;;;;;;
ALT_EOLE_B_BR_111_C;ALT_EOLE_B_BR_111_C;BR;COMMON;Carmela, Fast Striker;Carmela, Fast Striker;;;;CHARACTER;ADVENTURER;3;3;4;4;3;{H} I gain [FLEETING] unless you control a Feat. (If I would be sent to Reserve, discard me instead.);;028;;FAUX;FAUX;FAUX;FAUX;FAUX;028;;;FAUX;;;;Justice Wong;;;;;;;
ALT_EOLE_B_BR_111_R1;ALT_EOLE_B_BR_111_C;BR;RARE;Carmela, Fast Striker;Carmela, Fast Striker;;;;CHARACTER;ADVENTURER;3;3;4;4;3;#{J}# If you control a #[COMPLETED_LOW]# Feat, #I lose [FLEETING].#;#{D} : Pay {1} less for the next Feat you play this turn, down to a minimum of {1}.#;028;;FAUX;FAUX;FAUX;FAUX;FAUX;028;;;FAUX;;;;Justice Wong;;;;;;;
ALT_EOLE_B_BR_111_R2;ALT_EOLE_B_BR_111_C;AX;RARE;Carmela, Fast Striker;Carmela, Fast Striker;;;;CHARACTER;ADVENTURER;3;3;4;4;3;#{J}# If you control a #[COMPLETED_LOW]# Feat, #I lose [FLEETING].#;#{D} : Pay {1} less for the next Feat you play this turn, down to a minimum of {1}.#;028;;FAUX;FAUX;FAUX;FAUX;FAUX;028;;;FAUX;;;;Justice Wong;;;;;;;
ALT_EOLE_B_BR_113_C;ALT_EOLE_B_BR_113_C;BR;COMMON;Sekhmet;Sekhmet;;;;CHARACTER;DEITY;4;4;2;2;3;{H} You may return target Character facing me with Base Cost {3} or less to its owner's hand. (Its Base Cost is the Reserve Cost if it's Fleeting, or the Hand Cost if not.)  {R} I gain 2 boosts.;;029;;FAUX;FAUX;FAUX;FAUX;FAUX;029;;;FAUX;;;;Justice Wong;;;;;;;
ALT_EOLE_B_BR_113_R1;ALT_EOLE_B_BR_113_C;BR;RARE;Sekhmet;Sekhmet;;;;CHARACTER;DEITY;#3#;4;2;2;3;{H} You may return target Character facing me with Base Cost #{2} or less# to its owner's hand.  {R} I gain 2 boosts.;;029;;FAUX;FAUX;FAUX;FAUX;FAUX;029;;;FAUX;;;;Justice Wong;;;;;;;
ALT_EOLE_B_BR_113_R2;ALT_EOLE_B_BR_113_C;YZ;RARE;Sekhmet;Sekhmet;;;;CHARACTER;DEITY;#3#;4;2;2;3;{H} You may return target Character facing me with Base Cost #{2} or less# to its owner's hand.  {R} I gain 2 boosts.;;029;;FAUX;FAUX;FAUX;FAUX;FAUX;029;;;FAUX;;;;Justice Wong;;;;;;;
ALT_EOLE_B_BR_114_C;ALT_EOLE_B_BR_114_C;BR;COMMON;Stigma of Cowardice;Stigma of Cowardice;;;;CHARACTER;CORRUPTION;5;5;5;5;5;{J} Pass.  When an opponent passes — You may play a Character. (Paying its cost normally.);;030;;FAUX;FAUX;FAUX;FAUX;FAUX;030;;;FAUX;;;;Khoa Viet;;;;;;;
ALT_EOLE_B_BR_114_R1;ALT_EOLE_B_BR_114_C;BR;RARE;Stigma of Cowardice;Stigma of Cowardice;;;;CHARACTER;CORRUPTION;#4#;#4#;#4#;#4#;#4#;#[TOUGH_1].#  {J} Pass.  When an opponent passes — You may play a #card.# (Paying its cost normally.);;030;;FAUX;FAUX;FAUX;FAUX;FAUX;030;;;FAUX;;;;Khoa Viet;;;;;;;
ALT_EOLE_B_BR_114_R2;ALT_EOLE_B_BR_114_C;YZ;RARE;Stigma of Cowardice;Stigma of Cowardice;;;;CHARACTER;CORRUPTION;#4#;#4#;#4#;#4#;#4#;#[TOUGH_1].#  {J} Pass.  When an opponent passes — You may play a #card.# (Paying its cost normally.);;030;;FAUX;FAUX;FAUX;FAUX;FAUX;030;;;FAUX;;;;Khoa Viet;;;;;;;
ALT_EOLE_B_BR_116_E;ALT_EOLE_B_BR_116_C;BR;EXALTED;Plague of Arrogance;Plague of Arrogance;;;;CHARACTER;CORRUPTION;7;7;4;4;3;[GIGANTIC].  {J} Sacrifice a Feat to choose one, or sacrifice a [COMPLETED_LOW] Feat to choose two:  • [SABOTAGE].  • Send target Character to Reserve.  • I gain 2 boosts.;;031;;FAUX;FAUX;FAUX;FAUX;FAUX;031;;;FAUX;;;;Taras Susak;;;;;;;
ALT_EOLE_B_BR_119_C;ALT_EOLE_B_BR_119_C;BR;COMMON;Protect the Assets;Protect the Assets;;;;LANDMARK_PERMANENT;FEAT;1;1;;;;{J} Up to one target Character loses [FLEETING].  At Noon — If there are two or more cards in your Reserve, complete me.;[COMPLETED]: Characters in your Reserve are [TOUGH_CHA_P_1]. (Opponents must pay {1} to target them.);032;;FAUX;FAUX;FAUX;FAUX;FAUX;032;;;FAUX;;;;Zero Wen;;;;;;;
ALT_EOLE_B_BR_119_R1;ALT_EOLE_B_BR_119_C;BR;RARE;Protect the Assets;Protect the Assets;;;;LANDMARK_PERMANENT;FEAT;1;1;;;;{J} Up to one target Character #gains 1 boost# and loses [FLEETING].  At Noon — If there are two or more cards in your Reserve, complete me.;[COMPLETED]: Characters in your Reserve are [TOUGH_CHA_P_1].;032;;FAUX;FAUX;FAUX;FAUX;FAUX;032;;;FAUX;;;;Zero Wen;;;;;;;
ALT_EOLE_B_BR_119_R2;ALT_EOLE_B_BR_119_C;AX;RARE;Protect the Assets;Protect the Assets;;;;LANDMARK_PERMANENT;FEAT;1;1;;;;{J} Up to one target Character loses [FLEETING].  At Noon — If there are two or more cards in your Reserve, complete me.;[COMPLETED]: Characters in your Reserve are [TOUGH_CHA_P_1].;032;;FAUX;FAUX;FAUX;FAUX;FAUX;032;;;FAUX;;;;Zero Wen;;;;;;;
ALT_EOLE_B_BR_122_E;ALT_EOLE_B_BR_122_C;BR;EXALTED;Hold the Line!;Hold the Line!;;;;LANDMARK_PERMANENT;FEAT;2;2;;;;{J} Target Character gains 2 boosts.  When you pass — If you control two or more [BOOSTED_CHA_P] Characters, complete me.;[COMPLETED]: When a Companion joins your Expeditions — It gains 1 boost.;033;;FAUX;FAUX;FAUX;FAUX;FAUX;033;;;FAUX;;;;Anh Tung & Ba Vo;;;;;;;
ALT_EOLE_B_BR_120_C;ALT_EOLE_B_BR_120_C;BR;COMMON;Galvanize the Troops;Galvanize the Troops;;;;LANDMARK_PERMANENT;FEAT;2;2;;;;{J} [RESUPPLY]. Then, you may have target Character you control gain [FLEETING].  When you pass — If you control two or more [FLEETING] Characters, complete me.;[COMPLETED]: At Noon — If you are first player, [RESUPPLY_LOW].;034;;FAUX;FAUX;FAUX;FAUX;FAUX;034;;;FAUX;;;;Justice Wong;;;;;;;
ALT_EOLE_B_BR_120_R1;ALT_EOLE_B_BR_120_C;BR;RARE;Galvanize the Troops;Galvanize the Troops;;;;LANDMARK_PERMANENT;FEAT;2;2;;;;{J} [RESUPPLY]. Then, you may have target Character you control gain [FLEETING].  When you pass — If you control two or more [FLEETING] Characters, complete me.;[COMPLETED]: At Noon — If you are first player, [RESUPPLY_LOW]. #Otherwise, target Character in your Reserve gains 1 boost.#;034;;FAUX;FAUX;FAUX;FAUX;FAUX;034;;;FAUX;;;;Justice Wong;;;;;;;
ALT_EOLE_B_BR_120_R2;ALT_EOLE_B_BR_120_C;LY;RARE;Galvanize the Troops;Galvanize the Troops;;;;LANDMARK_PERMANENT;FEAT;2;2;;;;{J} [RESUPPLY]. Then, you may have target Character you control gain [FLEETING].  When you pass — If you control two or more [FLEETING] Characters, complete me.;[COMPLETED]: At Noon — If you are first player, [RESUPPLY_LOW]. #Otherwise, target Character in your Reserve gains 1 boost.#;034;;FAUX;FAUX;FAUX;FAUX;FAUX;034;;;FAUX;;;;Justice Wong;;;;;;;
ALT_EOLE_B_BR_121_C;ALT_EOLE_B_BR_121_C;BR;COMMON;Reap the Mana;Reap the Mana;;;;LANDMARK_PERMANENT;FEAT;2;2;;;;{J} You may put a card from your Reserve in your Mana zone, exhausted.  When you pass — If there are twelve or more Mana Orbs in your Mana zone, complete me.;[COMPLETED]: If one of your Expeditions would move forward during Dusk, you may exhaust me ({T}) to make it move forward one more region instead.;035;;FAUX;FAUX;FAUX;FAUX;FAUX;035;;;FAUX;;;;Zero Wen;;;;;;;
ALT_EOLE_B_BR_121_R1;ALT_EOLE_B_BR_121_C;BR;RARE;Reap the Mana;Reap the Mana;;;;LANDMARK_PERMANENT;FEAT;2;2;;;;{J} You may put a card from your Reserve in your Mana zone, exhausted. #If you do, [RESUPPLY_LOW].#  When you pass — If there are twelve or more Mana Orbs in your Mana zone, complete me.;[COMPLETED]: If one of your Expeditions would move forward during Dusk, you may exhaust me ({T}) to make it move forward one more region instead.;035;;FAUX;FAUX;FAUX;FAUX;FAUX;035;;;FAUX;;;;Zero Wen;;;;;;;
ALT_EOLE_B_BR_121_R2;ALT_EOLE_B_BR_121_C;MU;RARE;Reap the Mana;Reap the Mana;;;;LANDMARK_PERMANENT;FEAT;2;2;;;;{J} You may put a card from your Reserve in your Mana zone, exhausted. #If you do, [RESUPPLY_LOW].#  When you pass — If there are twelve or more Mana Orbs in your Mana zone, complete me.;[COMPLETED]: If one of your Expeditions would move forward during Dusk, you may exhaust me ({T}) to make it move forward one more region instead.;035;;FAUX;FAUX;FAUX;FAUX;FAUX;035;;;FAUX;;;;Zero Wen;;;;;;;
ALT_EOLE_B_BR_118_C;ALT_EOLE_B_BR_118_C;BR;COMMON;The Last Stand;The Last Stand;;;;LANDMARK_PERMANENT;FEAT;3;3;;;;{J} Send to Reserve target Character with Base Cost {3} or less.  When you pass — If you control another Feat, complete me.;[COMPLETED]: Your Landmarks limit is four.;036;;FAUX;FAUX;FAUX;FAUX;FAUX;036;;;FAUX;;;;Taras Susak;;;;;;;
ALT_EOLE_B_BR_118_R1;ALT_EOLE_B_BR_118_C;BR;RARE;The Last Stand;The Last Stand;;;;LANDMARK_PERMANENT;FEAT;#2#;#2#;;;;{J} Send to Reserve target Character with Base Cost #{2} or less.#  When you pass — If you control another Feat, complete me.;[COMPLETED]: Your Landmarks limit is four.;036;;FAUX;FAUX;FAUX;FAUX;FAUX;036;;;FAUX;;;;Taras Susak;;;;;;;
ALT_EOLE_B_BR_118_R2;ALT_EOLE_B_BR_118_C;OR;RARE;The Last Stand;The Last Stand;;;;LANDMARK_PERMANENT;FEAT;#2#;#2#;;;;{J} Send to Reserve target Character with Base Cost #{2} or less.#  When you pass — If you control another Feat, complete me.;[COMPLETED]: Your Landmarks limit is four.;036;;FAUX;FAUX;FAUX;FAUX;FAUX;036;;;FAUX;;;;Taras Susak;;;;;;;
ALT_EOLE_B_LY_105_C;ALT_EOLE_B_LY_105_C;LY;COMMON;Yeong-gi & Ember;Yeong-gi & Ember;;;;HERO;;;;;;;{T} : Target a Character you control, then roll a die. You may then spend any number of my Luck counters to increase the result by that much. On a:  • 4+: It activates its {D} ability.  • 1-3: I gain 1 Luck counter.;;037;;FAUX;FAUX;FAUX;FAUX;FAUX;037;;;FAUX;;;;Zero Wen;;;;;;;
ALT_EOLE_B_LY_119_C;ALT_EOLE_B_LY_119_C;LY;COMMON;Lakshmi's Owl;Lakshmi's Owl;;;;CHARACTER;ANIMAL SPIRIT;1;1;0;1;0;When you roll one or more dice — If I have no boosts, you may give me 1 boost and [FLEETING].;;038;;FAUX;FAUX;FAUX;FAUX;FAUX;038;;;FAUX;;;;Fahmi Fauzi;;;;;;;
ALT_EOLE_B_LY_119_R1;ALT_EOLE_B_LY_119_C;LY;RARE;Lakshmi's Owl;Lakshmi's Owl;;;;CHARACTER;ANIMAL SPIRIT;1;1;0;1;0;When you roll one or more dice — If I have no boosts, #I gain 1 boost.#;#{D} : Pay {1} less for the next Character you play this turn, down to a minimum of {1}.#;038;;FAUX;FAUX;FAUX;FAUX;FAUX;038;;;FAUX;;;;Fahmi Fauzi;;;;;;;
ALT_EOLE_B_LY_119_R2;ALT_EOLE_B_LY_119_C;BR;RARE;Lakshmi's Owl;Lakshmi's Owl;;;;CHARACTER;ANIMAL SPIRIT;1;1;0;1;0;When #a Character gains 1 or more boosts# — If I have no boosts, #I gain 1 boost.#;#{D} : Pay {1} less for the next Character you play this turn, down to a minimum of {1}.#;038;;FAUX;FAUX;FAUX;FAUX;FAUX;038;;;FAUX;;;;Fahmi Fauzi;;;;;;;
ALT_EOLE_B_LY_107_C;ALT_EOLE_B_LY_107_C;LY;COMMON;Corrupted Esmeralda;Corrupted Esmeralda;;;;CHARACTER;ARTIST CORRUPTION;2;2;0;3;3;{H} I gain [FLEETING] unless a {D} ability was activated this turn.  {H} [RESUPPLY].;;039;;FAUX;FAUX;FAUX;FAUX;FAUX;039;;;FAUX;;;;Gamon Studio;;;;;;;
ALT_EOLE_B_LY_107_R1;ALT_EOLE_B_LY_107_C;LY;RARE;Corrupted Esmeralda;Corrupted Esmeralda;;;;CHARACTER;ARTIST CORRUPTION;2;2;0;3;3;#I can't be played# unless a {D} ability was activated this turn.  #{J}# [RESUPPLY].;#{D} : Pay {1} less for the next Character you play this turn, down to a minimum of {1}.#;039;;FAUX;FAUX;FAUX;FAUX;FAUX;039;;;FAUX;;;;Gamon Studio;;;;;;;
ALT_EOLE_B_LY_107_R2;ALT_EOLE_B_LY_107_C;AX;RARE;Corrupted Esmeralda;Corrupted Esmeralda;;;;CHARACTER;ARTIST CORRUPTION;2;2;0;3;3;#I can't be played# unless a {D} ability was activated this turn.  #{J}# [RESUPPLY].;#{D} : Pay {1} less for the next Character you play this turn, down to a minimum of {1}.#;039;;FAUX;FAUX;FAUX;FAUX;FAUX;039;;;FAUX;;;;Gamon Studio;;;;;;;
ALT_EOLE_B_LY_109_C;ALT_EOLE_B_LY_109_C;LY;COMMON;Lyra Fifer;Lyra Fifer;;;;CHARACTER;ARTIST;2;2;2;1;1;{J} If a card in your Expeditions or your Reserve has a {D} ability, I gain 1 boost$[BB].;;040;;FAUX;FAUX;FAUX;FAUX;FAUX;040;;;FAUX;;;;Zero Wen;;;;;;;
ALT_EOLE_B_LY_109_R1;ALT_EOLE_B_LY_109_C;LY;RARE;Lyra Fifer;Lyra Fifer;;;;CHARACTER;ARTIST;2;2;2;#2#;#2#;{J} If a {D} ability #was activated this turn,# I gain 1 boost.;#{D} : The next Character you play this turn gains 1 boost.#;040;;FAUX;FAUX;FAUX;FAUX;FAUX;040;;;FAUX;;;;Zero Wen;;;;;;;
ALT_EOLE_B_LY_109_R2;ALT_EOLE_B_LY_109_C;AX;RARE;Lyra Fifer;Lyra Fifer;;;;CHARACTER;ARTIST;2;2;2;#2#;#2#;{J} If a #{T}# ability #was activated this turn,# I gain 1 boost.;#{D} : The next Character you play this turn gains 1 boost.#;040;;FAUX;FAUX;FAUX;FAUX;FAUX;040;;;FAUX;;;;Zero Wen;;;;;;;
ALT_EOLE_B_LY_112_C;ALT_EOLE_B_LY_112_C;LY;COMMON;Carbunclo;Carbunclo;;;;CHARACTER;ANIMAL SPIRIT;2;2;2;2;2;{H} If a card in your Expeditions or your Reserve has a {D} ability, [RESUPPLY_LOW]. (Put the top card of your deck in Reserve.);;041;;FAUX;FAUX;FAUX;FAUX;FAUX;041;;;FAUX;;;;Zero Wen;;;;;;;
ALT_EOLE_B_LY_112_R1;ALT_EOLE_B_LY_112_C;LY;RARE;Carbunclo;Carbunclo;;;;CHARACTER;ANIMAL SPIRIT;2;2;2;#0#;2;#{J}# If a card in your Expeditions or your Reserve has a {D} ability, [RESUPPLY_LOW].;;041;;FAUX;FAUX;FAUX;FAUX;FAUX;041;;;FAUX;;;;Zero Wen;;;;;;;
ALT_EOLE_B_LY_112_R2;ALT_EOLE_B_LY_112_C;OR;RARE;Carbunclo;Carbunclo;;;;CHARACTER;ANIMAL SPIRIT;2;2;2;#0#;2;#{J} If I'm in an [ASCENDED_S] Expedition,# [RESUPPLY_LOW].;;041;;FAUX;FAUX;FAUX;FAUX;FAUX;041;;;FAUX;;;;Zero Wen;;;;;;;
ALT_EOLE_B_LY_113_C;ALT_EOLE_B_LY_113_C;LY;COMMON;Bestowing Sloth;Bestowing Sloth;;;;CHARACTER;ANIMAL;2;3;3;3;3;{H} I gain $[ASLEEP].;{D} : [AFTER_YOU]. (End your turn as if you had played a card.);042;;FAUX;FAUX;FAUX;FAUX;FAUX;042;;;FAUX;;;;Jean-Baptiste Andrier;;;;;;;
ALT_EOLE_B_LY_113_R1;ALT_EOLE_B_LY_113_C;LY;RARE;Bestowing Sloth;Bestowing Sloth;;;;CHARACTER;ANIMAL;2;3;3;#2#;3;{H} I gain [ASLEEP].  #At Noon — [RESUPPLY].#;{D} : [AFTER_YOU].;042;;FAUX;FAUX;FAUX;FAUX;FAUX;042;;;FAUX;;;;Jean-Baptiste Andrier;;;;;;;
ALT_EOLE_B_LY_113_R2;ALT_EOLE_B_LY_113_C;MU;RARE;Bestowing Sloth;Bestowing Sloth;;;;CHARACTER;ANIMAL;2;3;3;#2#;3;{H} I gain [ASLEEP].  #At Noon — [RESUPPLY].#;{D} : [AFTER_YOU].;042;;FAUX;FAUX;FAUX;FAUX;FAUX;042;;;FAUX;;;;Jean-Baptiste Andrier;;;;;;;
ALT_EOLE_B_LY_108_C;ALT_EOLE_B_LY_108_C;LY;COMMON;Fragrant Meerkat;Fragrant Meerkat;;;;CHARACTER;ANIMAL ARTIST;2;3;3;1;3;;;043;;FAUX;FAUX;FAUX;FAUX;FAUX;043;;;FAUX;;;;Zaeliven;;;;;;;
ALT_EOLE_B_LY_108_R1;ALT_EOLE_B_LY_108_C;LY;RARE;Fragrant Meerkat;Fragrant Meerkat;;;;CHARACTER;ANIMAL ARTIST;2;#2#;3;#0#;3;#If you would roll a die, you may add 1 to its result.# (Choose after you see the result.);;043;;FAUX;FAUX;FAUX;FAUX;FAUX;043;;;FAUX;;;;Zaeliven;;;;;;;
ALT_EOLE_B_LY_108_R2;ALT_EOLE_B_LY_108_C;OR;RARE;Fragrant Meerkat;Fragrant Meerkat;;;;CHARACTER;ANIMAL BUREAUCRATOOF;2;#2#;3;#0#;3;#If you would roll a die, you may add 1 to its result.# (Choose after you see the result.);;043;;FAUX;FAUX;FAUX;FAUX;FAUX;043;;;FAUX;;;;Zaeliven;;;;;;;
ALT_EOLE_B_LY_110_C;ALT_EOLE_B_LY_110_C;LY;COMMON;Reka Ropedancer;Reka Ropedancer;;;;CHARACTER;ADVENTURER;3;2;2;4;0;;{D} : The next Character you play this turn gains 1 boost and [ASLEEP].;044;;FAUX;FAUX;FAUX;FAUX;FAUX;044;;;FAUX;;;;Saeed Jalabi;;;;;;;
ALT_EOLE_B_LY_110_R1;ALT_EOLE_B_LY_110_C;LY;RARE;Reka Ropedancer;Reka Ropedancer;;;;CHARACTER;ADVENTURER;3;#3#;2;4;#2#;#{J} Target Character with a {D} ability in play or in Reserve gains 1 boost.#;{D} : The next Character you play this turn gains 1 boost and [ASLEEP].;044;;FAUX;FAUX;FAUX;FAUX;FAUX;044;;;FAUX;;;;Saeed Jalabi;;;;;;;
ALT_EOLE_B_LY_110_R2;ALT_EOLE_B_LY_110_C;OR;RARE;Reka Ropedancer;Reka Ropedancer;;;;CHARACTER;ADVENTURER;3;#3#;2;4;#2#;#{J} Target Character with a {D} ability in play or in Reserve gains 1 boost.#;{D} : The next Character you play this turn gains 1 boost and [ASLEEP].;044;;FAUX;FAUX;FAUX;FAUX;FAUX;044;;;FAUX;;;;Saeed Jalabi;;;;;;;
ALT_EOLE_B_LY_111_C;ALT_EOLE_B_LY_111_C;LY;COMMON;Bastet;Bastet;;;;CHARACTER;DEITY;3;3;2;3;3;(An Anchored Character doesn't go to Reserve during Rest and loses Anchored.);{D} : The next Character with Base Cost {3} or less you play this turn gains [ANCHORED]. (Discard me from Reserve to do this.);045;;FAUX;FAUX;FAUX;FAUX;FAUX;045;;;FAUX;;;;Jamin Amaral Fernandez;;;;;;;
ALT_EOLE_B_LY_111_R1;ALT_EOLE_B_LY_111_C;LY;RARE;Bastet;Bastet;;;;CHARACTER;DEITY;3;3;2;#4#;#4#;;{D} : The next Character with Base Cost {3} or less you play this turn gains [ANCHORED].;045;;FAUX;FAUX;FAUX;FAUX;FAUX;045;;;FAUX;;;;Jamin Amaral Fernandez;;;;;;;
ALT_EOLE_B_LY_111_R2;ALT_EOLE_B_LY_111_C;YZ;RARE;Bastet;Bastet;;;;CHARACTER;DEITY;3;3;2;#4#;#4#;;{D} : The next Character with Base Cost {3} or less you play this turn gains [ANCHORED].;045;;FAUX;FAUX;FAUX;FAUX;FAUX;045;;;FAUX;;;;Jamin Amaral Fernandez;;;;;;;
ALT_EOLE_B_LY_106_C;ALT_EOLE_B_LY_106_C;LY;COMMON;Smoking Skunk;Smoking Skunk;;;;CHARACTER;ANIMAL;3;3;3;3;3;;{D} : Pay {1} less for the next Character you play this turn, down to a minimum of {1}. (Discard me from Reserve to do this.);046;;FAUX;FAUX;FAUX;FAUX;FAUX;046;;;FAUX;;;;Kevin Sidharta;;;;;;;
ALT_EOLE_B_LY_106_R1;ALT_EOLE_B_LY_106_C;LY;RARE;Smoking Skunk;Smoking Skunk;;;;CHARACTER;ANIMAL;#2#;#2#;3;3;#0#;#Other Characters in your Expeditions are [TOUGH_CHA_P_1].#;{D} : Pay {1} less for the next Character you play this turn, down to a minimum of {1}.;046;;FAUX;FAUX;FAUX;FAUX;FAUX;046;;;FAUX;;;;Kevin Sidharta;;;;;;;
ALT_EOLE_B_LY_106_R2;ALT_EOLE_B_LY_106_C;MU;RARE;Smoking Skunk;Smoking Skunk;;;;CHARACTER;ANIMAL;#2#;#2#;3;3;#0#;#Other Characters in your Expeditions are [TOUGH_CHA_P_1].#;{D} : Pay {1} less for the next Character you play this turn, down to a minimum of {1}.;046;;FAUX;FAUX;FAUX;FAUX;FAUX;046;;;FAUX;;;;Kevin Sidharta;;;;;;;
ALT_EOLE_B_LY_116_C;ALT_EOLE_B_LY_116_C;LY;COMMON;Reka Thurifer;Reka Thurifer;;;;CHARACTER;CITIZEN;4;3;4;0;4;{H} $[SABOTAGE].;{D} : Pay {1} less for the next Character you play this turn, down to a minimum of {1}. (Discard me from Reserve to do this.);047;;FAUX;FAUX;FAUX;FAUX;FAUX;047;;;FAUX;;;;DOBA;;;;;;;
ALT_EOLE_B_LY_116_R1;ALT_EOLE_B_LY_116_C;LY;RARE;Reka Thurifer;Reka Thurifer;;;;CHARACTER;CITIZEN;4;#4#;4;0;4;#Play me for {1} less if another card in your Expeditions or your Reserve has a {D} ability.#  {H} [SABOTAGE].;{D} : Pay {1} less for the next Character you play this turn, down to a minimum of {1}.;047;;FAUX;FAUX;FAUX;FAUX;FAUX;047;;;FAUX;;;;DOBA;;;;;;;
ALT_EOLE_B_LY_116_R2;ALT_EOLE_B_LY_116_C;YZ;RARE;Reka Thurifer;Reka Thurifer;;;;CHARACTER;CITIZEN;4;#4#;4;0;4;#Play me for {1} less if six or more cards are in your discard pile.#  {H} [SABOTAGE].;{D} : Pay {1} less for the next #Spell# you play this turn, down to a minimum of {1}.;047;;FAUX;FAUX;FAUX;FAUX;FAUX;047;;;FAUX;;;;DOBA;;;;;;;
ALT_EOLE_B_LY_117_E;ALT_EOLE_B_LY_117_C;LY;EXALTED;Plague of Despair;Plague of Despair;;;;CHARACTER;CORRUPTION;4;4;2;2;2;[GIGANTIC].  When you roll a 6+ on a die — I gain 1 boost.  When you roll a 1 on a die — Send me to Reserve.;{D} : Target Character gains 1 boost.;048;;FAUX;FAUX;FAUX;FAUX;FAUX;048;;;FAUX;;;;Taras Susak;;;;;;;
ALT_EOLE_B_LY_114_C;ALT_EOLE_B_LY_114_C;LY;COMMON;Mia, Prima Ballerina;Mia, Prima Ballerina;;;;CHARACTER;ARTIST;4;4;5;4;4;;{D} : Target Character gains [FLEETING]. (Discard me from Reserve to do this.);049;;FAUX;FAUX;FAUX;FAUX;FAUX;049;;;FAUX;;;;Zero Wen;;;;;;;
ALT_EOLE_B_LY_114_R1;ALT_EOLE_B_LY_114_C;LY;RARE;Mia, Prima Ballerina;Mia, Prima Ballerina;;;;CHARACTER;ARTIST;4;4;5;4;4;#When you pass — You may have me activate my {D} ability. If you do, I gain [FLEETING_CHAR].#;{D} : Target Character gains [FLEETING].;049;;FAUX;FAUX;FAUX;FAUX;FAUX;049;;;FAUX;;;;Zero Wen;;;;;;;
ALT_EOLE_B_LY_114_R2;ALT_EOLE_B_LY_114_C;BR;RARE;Mia, Prima Ballerina;Mia, Prima Ballerina;;;;CHARACTER;ARTIST;4;4;5;4;4;#When you pass — You may have me activate my {D} ability. If you do, I gain [FLEETING_CHAR].#;{D} : Target Character gains [FLEETING].;049;;FAUX;FAUX;FAUX;FAUX;FAUX;049;;;FAUX;;;;Zero Wen;;;;;;;
ALT_EOLE_B_LY_115_C;ALT_EOLE_B_LY_115_C;LY;COMMON;Stigma of Havoc;Stigma of Havoc;;;;CHARACTER;CORRUPTION;6;5;5;5;6;{H} Each player discards their Reserve, [RESUPPLIES], then [RESUPPLIES] again.;{D} : Create an [AEROLITH] token in target player's Landmarks. (Discard me from Reserve to do this.);050;;FAUX;FAUX;FAUX;FAUX;FAUX;050;;;FAUX;;;;Khoa Viet;;;;;;;
ALT_EOLE_B_LY_115_R1;ALT_EOLE_B_LY_115_C;LY;RARE;Stigma of Havoc;Stigma of Havoc;;;;CHARACTER;CORRUPTION;#5#;5;5;5;6;{H} Each player discards their Reserve, then #[RESUPPLIES].#  #{J} [RESUPPLY].#;{D} : Create an [AEROLITH] token in target player's Landmarks.;050;;FAUX;FAUX;FAUX;FAUX;FAUX;050;;;FAUX;;;;Khoa Viet;;;;;;;
ALT_EOLE_B_LY_115_R2;ALT_EOLE_B_LY_115_C;MU;RARE;Stigma of Havoc;Stigma of Havoc;;;;CHARACTER;CORRUPTION;#5#;5;5;5;6;{H} Each player discards their Reserve, then #[RESUPPLIES].#  #{J} [RESUPPLY].#;{D} : Create an [AEROLITH] token in target player's Landmarks.;050;;FAUX;FAUX;FAUX;FAUX;FAUX;050;;;FAUX;;;;Khoa Viet;;;;;;;
ALT_EOLE_B_LY_118_C;ALT_EOLE_B_LY_118_C;LY;COMMON;Cleanse;Cleanse;;;;SPELL;DISRUPTION;2;2;;;;[FLEETING].  Roll a die. You may send to Reserve target Character with Base Cost {X} or less, where X is the result. (Base Cost is the Reserve Cost if it's Fleeting, or the Hand Cost if not.);;051;;FAUX;FAUX;FAUX;FAUX;FAUX;051;;;FAUX;;;;Victor Canton;;;;;;;
ALT_EOLE_B_LY_118_R1;ALT_EOLE_B_LY_118_C;LY;RARE;Cleanse;Cleanse;;;;SPELL;DISRUPTION;2;2;;;;Roll a die. #On a 1-3, I gain [FLEETING].# Then, you may send to Reserve target Character with Base Cost {X} or less, where X is the result.;;051;;FAUX;FAUX;FAUX;FAUX;FAUX;051;;;FAUX;;;;Victor Canton;;;;;;;
ALT_EOLE_B_LY_118_R2;ALT_EOLE_B_LY_118_C;MU;RARE;Cleanse;Cleanse;;;;SPELL;DISRUPTION;2;2;;;;Roll a die. #On a 1-3, I gain [FLEETING].# Then, you may send to Reserve target Character with Base Cost {X} or less, where X is the result.;;051;;FAUX;FAUX;FAUX;FAUX;FAUX;051;;;FAUX;;;;Victor Canton;;;;;;;
ALT_EOLE_B_LY_120_C;ALT_EOLE_B_LY_120_C;LY;COMMON;Cat's Cradle;Cat's Cradle;;;;SPELL;MANEUVER;3;2;;;;Target Character with Base Cost {3} or less switches Expeditions, then gains [ANCHORED]. (Switch means joining the other Expedition of its controller.);;052;;FAUX;FAUX;FAUX;FAUX;FAUX;052;;;FAUX;;;;Gamon Studio;;;;;;;
ALT_EOLE_B_LY_120_R1;ALT_EOLE_B_LY_120_C;LY;RARE;Cat's Cradle;Cat's Cradle;;;;SPELL;MANEUVER;#2#;2;;;;Target Character with Base Cost #{2} or less# switches Expeditions, then gains [ANCHORED].;;052;;FAUX;FAUX;FAUX;FAUX;FAUX;052;;;FAUX;;;;Gamon Studio;;;;;;;
ALT_EOLE_B_LY_120_R2;ALT_EOLE_B_LY_120_C;AX;RARE;Cat's Cradle;Cat's Cradle;;;;SPELL;MANEUVER;#2#;2;;;;Target Character with Base Cost #{2} or less# switches Expeditions, then gains [ANCHORED].;;052;;FAUX;FAUX;FAUX;FAUX;FAUX;052;;;FAUX;;;;Gamon Studio;;;;;;;
ALT_EOLE_B_LY_122_E;ALT_EOLE_B_LY_122_C;LY;EXALTED;Give Fate a Twist!;Give Fate a Twist!;;;;LANDMARK_PERMANENT;FEAT;1;1;;;;{J} Roll a die. On a 1: Play another turn.  When you roll a 6+ on a die — Complete me.;[COMPLETED]: If you would roll a die, you may exhaust me ({T}) to add 1 to its result. (Choose after you see the result.);053;;FAUX;FAUX;FAUX;FAUX;FAUX;053;;;FAUX;;;;Anh Tung & Ba Vo;;;;;;;
ALT_EOLE_B_LY_121_C;ALT_EOLE_B_LY_121_C;LY;COMMON;Smoke Them Out;Smoke Them Out;;;;LANDMARK_PERMANENT;FEAT;2;2;;;;{J} [RESUPPLY].  When two {D} abilities are activated on one of your turns — Complete me.;[COMPLETED]: {T} : The next time a {D} ability is activated this turn, target Character gains 1 boost.;054;;FAUX;FAUX;FAUX;FAUX;FAUX;054;;;FAUX;;;;Justice Wong;;;;;;;
ALT_EOLE_B_LY_121_R1;ALT_EOLE_B_LY_121_C;LY;RARE;Smoke Them Out;Smoke Them Out;;;;LANDMARK_PERMANENT;FEAT;2;2;;;;{J} #Draw a card, then put a card from your hand in Reserve.#  When two {D} abilities are activated on one of your turns — Complete me.;[COMPLETED]: {T} : The next time a {D} ability is activated this turn, target Character gains 1 boost.;054;;FAUX;FAUX;FAUX;FAUX;FAUX;054;;;FAUX;;;;Justice Wong;;;;;;;
ALT_EOLE_B_LY_121_R2;ALT_EOLE_B_LY_121_C;AX;RARE;Smoke Them Out;Smoke Them Out;;;;LANDMARK_PERMANENT;FEAT;2;2;;;;{J} #Draw a card, then put a card from your hand in Reserve.#  When #three {T} abilities# are activated on one of your turns — Complete me.;[COMPLETED]: {T} : The next time a #{T} ability# is activated this turn, target Character #in play or in Reserve# gains 1 boost.;054;;FAUX;FAUX;FAUX;FAUX;FAUX;054;;;FAUX;;;;Justice Wong;;;;;;;
ALT_EOLE_B_MU_65_C;ALT_EOLE_B_MU_65_C;MU;COMMON;Kauri & Puff;Kauri & Puff;;;;HERO;;;;;;;At Noon — If you are first player, create a [WOOLLYBACK] Animal token in target opponent's Companion Expedition, then draw a card.;;056;;FAUX;FAUX;FAUX;FAUX;FAUX;056;;;FAUX;;;;Ba Vo;;;;;;;
ALT_EOLE_B_MU_106_C;ALT_EOLE_B_MU_106_C;MU;COMMON;Herding Puli;Herding Puli;;;;CHARACTER;ANIMAL;1;1;1;2;2;{J} Create a [WOOLLYBACK] Animal token in the Expedition facing me. It gains [ANCHORED]. (During Rest, it doesn't go to Reserve and it loses Anchored.);;057;;FAUX;FAUX;FAUX;FAUX;FAUX;057;;;FAUX;;;;Victor Canton;;;;;;;
ALT_EOLE_B_MU_106_R1;ALT_EOLE_B_MU_106_C;MU;RARE;Herding Puli;Herding Puli;;;;CHARACTER;ANIMAL;1;1;#0#;2;2;{J} Create a [WOOLLYBACK] Animal token in the Expedition facing me. It gains #[ASLEEP].#;;057;;FAUX;FAUX;FAUX;FAUX;FAUX;057;;;FAUX;;;;Victor Canton;;;;;;;
ALT_EOLE_B_MU_106_R2;ALT_EOLE_B_MU_106_C;BR;RARE;Herding Puli;Herding Puli;;;;CHARACTER;ANIMAL;1;1;#0#;2;2;{J} Create a [WOOLLYBACK] Animal token in the Expedition facing me. It gains #[ASLEEP].#;;057;;FAUX;FAUX;FAUX;FAUX;FAUX;057;;;FAUX;;;;Victor Canton;;;;;;;
ALT_EOLE_B_MU_108_C;ALT_EOLE_B_MU_108_C;MU;COMMON;Corrupted Woollyback;Corrupted Woollyback;;;;CHARACTER;CORRUPTION ANIMAL;1;1;1;1;1;{H} I gain [FLEETING] unless there's an Animal in an opponent's Expedition.;;058;;FAUX;FAUX;FAUX;FAUX;FAUX;058;;;FAUX;;;;Zaeliven;;;;;;;
ALT_EOLE_B_MU_108_R1;ALT_EOLE_B_MU_108_C;MU;RARE;Corrupted Woollyback;Corrupted Woollyback;;;;CHARACTER;CORRUPTION ANIMAL;1;1;1;#0#;#0#;#I can't be played# unless there's an Animal in an opponent's Expedition.  #When I leave the Expedition zone — Create a [WOOLLYBACK] Animal token in my Expedition.#;;058;;FAUX;FAUX;FAUX;FAUX;FAUX;058;;;FAUX;;;;Zaeliven;;;;;;;
ALT_EOLE_B_MU_108_R2;ALT_EOLE_B_MU_108_C;YZ;RARE;Corrupted Woollyback;Corrupted Woollyback;;;;CHARACTER;CORRUPTION ANIMAL;1;1;1;#0#;#0#;{H} I gain [FLEETING] unless #six or more cards are in your discard pile.#  #When I leave the Expedition zone — Create a [WOOLLYBACK] Animal token in my Expedition.#;;058;;FAUX;FAUX;FAUX;FAUX;FAUX;058;;;FAUX;;;;Zaeliven;;;;;;;
ALT_EOLE_B_MU_107_C;ALT_EOLE_B_MU_107_C;MU;COMMON;Brave Cub;Brave Cub;;;;CHARACTER;ANIMAL;2;2;1;3;1;;{D} : Discard target non-Companion token.;059;;FAUX;FAUX;FAUX;FAUX;FAUX;059;;;FAUX;;;;Jean-Baptiste Andrier;;;;;;;
ALT_EOLE_B_MU_107_R1;ALT_EOLE_B_MU_107_C;MU;RARE;Brave Cub;Brave Cub;;;;CHARACTER;ANIMAL;2;2;1;3;1;#{H} You may discard target non-Companion token.#;{D} : Discard target non-Companion token.;059;;FAUX;FAUX;FAUX;FAUX;FAUX;059;;;FAUX;;;;Jean-Baptiste Andrier;;;;;;;
ALT_EOLE_B_MU_107_R2;ALT_EOLE_B_MU_107_C;LY;RARE;Brave Cub;Brave Cub;;;;CHARACTER;ANIMAL;2;2;1;3;1;#{H} You may discard target non-Companion token.#;{D} : Discard target non-Companion token.;059;;FAUX;FAUX;FAUX;FAUX;FAUX;059;;;FAUX;;;;Jean-Baptiste Andrier;;;;;;;
ALT_EOLE_B_MU_109_C;ALT_EOLE_B_MU_109_C;MU;COMMON;White Fang;White Fang;;;;CHARACTER;ANIMAL;2;2;2;2;2;;{D} : The next Character you play this turn gains 1 boost.;060;;FAUX;FAUX;FAUX;FAUX;FAUX;060;;;FAUX;;;;Jefrey Yonathan;;;;;;;
ALT_EOLE_B_MU_109_R1;ALT_EOLE_B_MU_109_C;MU;RARE;White Fang;White Fang;;;;CHARACTER;ANIMAL;2;#1#;#0#;2;2;#{H} Create a [WOOLLYBACK] Animal token in another target Expedition.#;{D} : The next Character you play this turn gains 1 boost.;060;;FAUX;FAUX;FAUX;FAUX;FAUX;060;;;FAUX;;;;Jefrey Yonathan;;;;;;;
ALT_EOLE_B_MU_109_R2;ALT_EOLE_B_MU_109_C;YZ;RARE;White Fang;White Fang;;;;CHARACTER;ANIMAL;2;#1#;#0#;2;2;#{H} Create a [WOOLLYBACK] Animal token in another target Expedition.#;{D} : The next Character you play this turn gains 1 boost.;060;;FAUX;FAUX;FAUX;FAUX;FAUX;060;;;FAUX;;;;Jefrey Yonathan;;;;;;;
ALT_EOLE_B_MU_110_C;ALT_EOLE_B_MU_110_C;MU;COMMON;Raksha;Raksha;;;;CHARACTER;ANIMAL;2;2;2;1;1;{J} You may target another Character with {V} less than or equal to mine. It gains 1 boost.;;061;;FAUX;FAUX;FAUX;FAUX;FAUX;061;;;FAUX;;;;Jefrey Yonathan;;;;;;;
ALT_EOLE_B_MU_110_R1;ALT_EOLE_B_MU_110_C;MU;RARE;Raksha;Raksha;;;;CHARACTER;ANIMAL;2;2;2;1;1;{J} #Up to two# other target Characters with {V} less than or equal to mine each gain 1 boost.;;061;;FAUX;FAUX;FAUX;FAUX;FAUX;061;;;FAUX;;;;Jefrey Yonathan;;;;;;;
ALT_EOLE_B_MU_110_R2;ALT_EOLE_B_MU_110_C;BR;RARE;Raksha;Raksha;;;;CHARACTER;ANIMAL;2;2;#3#;1;1;{J} You may target another Character with {V} less than or equal to mine. It gains 1 boost.;;061;;FAUX;FAUX;FAUX;FAUX;FAUX;061;;;FAUX;;;;Jefrey Yonathan;;;;;;;
ALT_EOLE_B_MU_112_C;ALT_EOLE_B_MU_112_C;MU;COMMON;Nikau, Kauri's Father;Nikau, Kauri's Father;;;;CHARACTER;CITIZEN;2;2;0;1;1;When an Animal joins your Expeditions — I gain 1 boost, up to a max of 2.;;062;;FAUX;FAUX;FAUX;FAUX;FAUX;062;;;FAUX;;;;Kevin Sidharta;;;;;;;
ALT_EOLE_B_MU_112_R1;ALT_EOLE_B_MU_112_C;MU;RARE;Nikau, Kauri's Father;Nikau, Kauri's Father;;;;CHARACTER;CITIZEN;2;2;0;1;1;When an Animal joins #your other Expedition# — #It gains# 1 boost.;;062;;FAUX;FAUX;FAUX;FAUX;FAUX;062;;;FAUX;;;;Kevin Sidharta;;;;;;;
ALT_EOLE_B_MU_112_R2;ALT_EOLE_B_MU_112_C;AX;RARE;Nikau, Kauri's Father;Nikau, Kauri's Father;;;;CHARACTER;CITIZEN;2;2;0;1;1;When #a Robot# joins #your other Expedition# — #It gains# 1 boost.;;062;;FAUX;FAUX;FAUX;FAUX;FAUX;062;;;FAUX;;;;Kevin Sidharta;;;;;;;
ALT_EOLE_B_MU_120_C;ALT_EOLE_B_MU_120_C;MU;COMMON;The Big Bad Wolf;The Big Bad Wolf;;;;CHARACTER;ANIMAL;3;2;3;2;0;{H} [SABOTAGE] a Character with {V} less than or equal to mine. (You may discard one such card from any Reserve.);;063;;FAUX;FAUX;FAUX;FAUX;FAUX;063;;;FAUX;;;;Justice Wong;;;;;;;
ALT_EOLE_B_MU_120_R1;ALT_EOLE_B_MU_120_C;MU;RARE;The Big Bad Wolf;The Big Bad Wolf;;;;CHARACTER;ANIMAL;3;2;3;2;0;{H} [SABOTAGE] a Character with {V} less than or equal to mine.;#{D} : The next Character with Base Cost {3} or less you play this turn gains [ANCHORED].#;063;;FAUX;FAUX;FAUX;FAUX;FAUX;063;;;FAUX;;;;Justice Wong;;;;;;;
ALT_EOLE_B_MU_120_R2;ALT_EOLE_B_MU_120_C;LY;RARE;The Big Bad Wolf;The Big Bad Wolf;;;;CHARACTER;ANIMAL;3;2;3;2;0;{H} [SABOTAGE] a Character with {V} less than or equal to mine.;#{D} : The next Character with Base Cost {3} or less you play this turn gains [ANCHORED].#;063;;FAUX;FAUX;FAUX;FAUX;FAUX;063;;;FAUX;;;;Justice Wong;;;;;;;
ALT_EOLE_B_MU_113_C;ALT_EOLE_B_MU_113_C;MU;COMMON;Karhu, Lord of Bears;Karhu, Lord of Bears;;;;CHARACTER;ANIMAL;3;2;2;2;2;{H} If you control another Animal, draw a card.;;064;;FAUX;FAUX;FAUX;FAUX;FAUX;064;;;FAUX;;;;Matteo Spirito;;;;;;;
ALT_EOLE_B_MU_113_R1;ALT_EOLE_B_MU_113_C;MU;RARE;Karhu, Lord of Bears;Karhu, Lord of Bears;;;;CHARACTER;ANIMAL;3;#3#;2;2;2;#When you pass —# If you control another Animal, draw a card.;;064;;FAUX;FAUX;FAUX;FAUX;FAUX;064;;;FAUX;;;;Matteo Spirito;;;;;;;
ALT_EOLE_B_MU_113_R2;ALT_EOLE_B_MU_113_C;LY;RARE;Karhu, Lord of Bears;Karhu, Lord of Bears;;;;CHARACTER;ANIMAL;3;2;2;2;2;{H} If you control another Animal #or an Artist,# draw a card.;;064;;FAUX;FAUX;FAUX;FAUX;FAUX;064;;;FAUX;;;;Matteo Spirito;;;;;;;
ALT_EOLE_B_MU_111_C;ALT_EOLE_B_MU_111_C;MU;COMMON;Dawon;Dawon;;;;CHARACTER;ANIMAL;3;2;2;0;2;{H} You may target another Character with {V} less than or equal to mine. It gains [ANCHORED]. (During Rest, it doesn't go to Reserve and it loses Anchored.);;065;;FAUX;FAUX;FAUX;FAUX;FAUX;065;;;FAUX;;;;Victor Canton;;;;;;;
ALT_EOLE_B_MU_111_R1;ALT_EOLE_B_MU_111_C;MU;RARE;Dawon;Dawon;;;;CHARACTER;ANIMAL;3;2;#3#;0;#3#;{H} You may target another Character with {V} less than or equal to mine. It gains [ANCHORED].;;065;;FAUX;FAUX;FAUX;FAUX;FAUX;065;;;FAUX;;;;Victor Canton;;;;;;;
ALT_EOLE_B_MU_111_R2;ALT_EOLE_B_MU_111_C;LY;RARE;Dawon;Dawon;;;;CHARACTER;ANIMAL;3;2;#3#;0;#3#;{H} You may target another Character with {V} less than or equal to mine. It gains [ANCHORED].;;065;;FAUX;FAUX;FAUX;FAUX;FAUX;065;;;FAUX;;;;Victor Canton;;;;;;;
ALT_EOLE_B_MU_116_C;ALT_EOLE_B_MU_116_C;MU;COMMON;Wildlife Medic;Wildlife Medic;;;;CHARACTER;DRUID;3;2;3;0;2;{H} [RESUPPLY]. If you put an Animal in Reserve this way, it gains 1 boost.;;066;;FAUX;FAUX;FAUX;FAUX;FAUX;066;;;FAUX;;;;Zaeliven;;;;;;;
ALT_EOLE_B_MU_116_R1;ALT_EOLE_B_MU_116_C;MU;RARE;Wildlife Medic;Wildlife Medic;;;;CHARACTER;DRUID;3;#3#;3;0;2;#{J}# [RESUPPLY]. If you put an Animal in Reserve this way, it gains 1 boost.;;066;;FAUX;FAUX;FAUX;FAUX;FAUX;066;;;FAUX;;;;Zaeliven;;;;;;;
ALT_EOLE_B_MU_116_R2;ALT_EOLE_B_MU_116_C;BR;RARE;Wildlife Medic;Wildlife Medic;;;;CHARACTER;DRUID;3;2;3;0;2;{H} [RESUPPLY]. If you put #a Character# in Reserve this way, it gains 1 boost.;;066;;FAUX;FAUX;FAUX;FAUX;FAUX;066;;;FAUX;;;;Zaeliven;;;;;;;
ALT_EOLE_B_MU_114_C;ALT_EOLE_B_MU_114_C;MU;COMMON;The Beast of Gévaudan;The Beast of Gévaudan;;;;CHARACTER;ANIMAL;4;3;3;3;4;{H} You may target another Character with {V} less than or equal to mine. It switches Expeditions. (It leaves its Expedition and joins its controller's other Expedition.);;067;;FAUX;FAUX;FAUX;FAUX;FAUX;067;;;FAUX;;;;Victor Canton;;;;;;;
ALT_EOLE_B_MU_114_R1;ALT_EOLE_B_MU_114_C;MU;RARE;The Beast of Gévaudan;The Beast of Gévaudan;;;;CHARACTER;ANIMAL;#3#;3;3;3;#3#;{H} You may target another Character with {V} less than or equal to mine. It switches Expeditions.;;067;;FAUX;FAUX;FAUX;FAUX;FAUX;067;;;FAUX;;;;Victor Canton;;;;;;;
ALT_EOLE_B_MU_114_R2;ALT_EOLE_B_MU_114_C;YZ;RARE;The Beast of Gévaudan;The Beast of Gévaudan;;;;CHARACTER;ANIMAL;#3#;3;3;3;#3#;{H} You may target another Character with {V} less than or equal to mine. It switches Expeditions.;;067;;FAUX;FAUX;FAUX;FAUX;FAUX;067;;;FAUX;;;;Victor Canton;;;;;;;
ALT_EOLE_B_MU_117_C;ALT_EOLE_B_MU_117_C;MU;COMMON;Stigma of Belligerence;Stigma of Belligerence;;;;CHARACTER;CORRUPTION ANIMAL;4;4;3;4;4;{H} If I'm facing one or more Characters, target one of them and we both gain [ANCHORED].;;068;;FAUX;FAUX;FAUX;FAUX;FAUX;068;;;FAUX;;;;Zaeliven;;;;;;;
ALT_EOLE_B_MU_117_R1;ALT_EOLE_B_MU_117_C;MU;RARE;Stigma of Belligerence;Stigma of Belligerence;;;;CHARACTER;CORRUPTION ANIMAL;4;4;3;4;4;#{J}# #Create a [WOOLLYBACK] Animal token in another Expedition.# Then, if I'm facing one or more Characters, target one of them and we both gain [ANCHORED].;;068;;FAUX;FAUX;FAUX;FAUX;FAUX;068;;;FAUX;;;;Zaeliven;;;;;;;
ALT_EOLE_B_MU_117_R2;ALT_EOLE_B_MU_117_C;OR;RARE;Stigma of Belligerence;Stigma of Belligerence;;;;CHARACTER;CORRUPTION ANIMAL;4;4;3;4;4;#{J}# #Create an [ORDIS_RECRUIT] Soldier token in another Expedition.# Then, if I'm facing one or more Characters, target one of them and we both gain [ANCHORED].;;068;;FAUX;FAUX;FAUX;FAUX;FAUX;068;;;FAUX;;;;Zaeliven;;;;;;;
ALT_EOLE_B_MU_115_E;ALT_EOLE_B_MU_115_C;MU;EXALTED;Plague of Prejudice;Plague of Prejudice;;;;CHARACTER;CORRUPTION;5;2;2;2;2;{J} I gain [ANCHORED].  {H} Send to Reserve each other Character with {V} less than or equal to mine.;;069;;FAUX;FAUX;FAUX;FAUX;FAUX;069;;;FAUX;;;;Taras Susak;;;;;;;
ALT_EOLE_B_MU_118_C;ALT_EOLE_B_MU_118_C;MU;COMMON;Huff and Puff;Huff and Puff;;;;SPELL;DISRUPTION;3;3;;;;$[FLEETING].  Target Character you control gains 1 boost. Then, target another Character with equal or lower {V} and send it to Reserve.;;070;;FAUX;FAUX;FAUX;FAUX;FAUX;070;;;FAUX;;;;Kevin Sidharta;;;;;;;
ALT_EOLE_B_MU_118_R1;ALT_EOLE_B_MU_118_C;MU;RARE;Huff and Puff;Huff and Puff;;;;SPELL;DISRUPTION;#2#;#2#;;;;[FLEETING].  #Choose an Animal you control,# then target another Character with equal or lower {V} and send it to Reserve.;;070;;FAUX;FAUX;FAUX;FAUX;FAUX;070;;;FAUX;;;;Kevin Sidharta;;;;;;;
ALT_EOLE_B_MU_118_R2;ALT_EOLE_B_MU_118_C;AX;RARE;Huff and Puff;Huff and Puff;;;;SPELL;DISRUPTION;#2#;#2#;;;;[FLEETING].  #Choose a Robot or Animal you control,# then target another Character with equal or lower {V} and send it to Reserve.;;070;;FAUX;FAUX;FAUX;FAUX;FAUX;070;;;FAUX;;;;Kevin Sidharta;;;;;;;
ALT_EOLE_B_MU_119_C;ALT_EOLE_B_MU_119_C;MU;COMMON;Running with the Wolves;Running with the Wolves;;;;SPELL;SONG MANEUVER;6;6;;;;[FLEETING].  Reveal the top five cards of your deck. Choose Animals from them with total Hand Cost {7} or less and play them for free. (Don't activate their {h} abilities.) Discard the rest.;;071;;FAUX;FAUX;FAUX;FAUX;FAUX;071;;;FAUX;;;;DOBA;;;;;;;
ALT_EOLE_B_MU_119_R1;ALT_EOLE_B_MU_119_C;MU;RARE;Running with the Wolves;Running with the Wolves;;;;SPELL;SONG MANEUVER;6;6;;;;[FLEETING].  Reveal the top five cards of your deck. Choose Animals from them with total Hand Cost {7} or less and play them for free #as if from hand.# Discard the rest.;;071;;FAUX;FAUX;FAUX;FAUX;FAUX;071;;;FAUX;;;;DOBA;;;;;;;
ALT_EOLE_B_MU_119_R2;ALT_EOLE_B_MU_119_C;LY;RARE;Running with the Wolves;Running with the Wolves;;;;SPELL;SONG MANEUVER;6;6;;;;[FLEETING].  Reveal the top five cards of your deck. Choose Animals #and Artists# from them with total Hand Cost {7} or less and play them for free #as if from hand.# Discard the rest.;;071;;FAUX;FAUX;FAUX;FAUX;FAUX;071;;;FAUX;;;;DOBA;;;;;;;
ALT_EOLE_B_MU_121_E;ALT_EOLE_B_MU_121_C;MU;EXALTED;Sound the Howl!;Sound the Howl!;;;;LANDMARK_PERMANENT;FEAT;2;2;;;;{J} Create a [WOOLLYBACK] Animal token in target Expedition. It gains [ANCHORED].  When you pass — If three or more Animals in your Expeditions have a different {V} stat, complete me.;[COMPLETED]: {T} : The next Animal you play this turn gains 1 boost.;072;;FAUX;FAUX;FAUX;FAUX;FAUX;072;;;FAUX;;;;Anh Tung & Ba Vo;;;;;;;
ALT_EOLE_B_MU_122_C;ALT_EOLE_B_MU_122_C;MU;COMMON;Gather the Pack;Gather the Pack;;;;LANDMARK_PERMANENT;FEAT;2;2;;;;{J} Target Character with Base Cost {3} or less gains [ANCHORED]. (Its Base Cost is the Reserve Cost if Fleeting, or the Hand Cost if not.)  When you pass — If three or more Animals in your Expeditions have a different Base Cost, complete me.;[COMPLETED]: [ANCHORED_CHA_P] Characters in your Expeditions are [TOUGH_CHA_P_1]. (Opponents must pay {1} to target them.);073;;FAUX;FAUX;FAUX;FAUX;FAUX;073;;;FAUX;;;;Fahmi Fauzi;;;;;;;
ALT_EOLE_B_MU_122_R1;ALT_EOLE_B_MU_122_C;MU;RARE;Gather the Pack;Gather the Pack;;;;LANDMARK_PERMANENT;FEAT;2;2;;;;{J} Target Character with Base Cost #{4} or less# gains [ANCHORED].  When you pass — If three or more Animals in your Expeditions have a different Base Cost, complete me.;[COMPLETED]: #All Characters# in your Expeditions are [TOUGH_CHA_P_1].;073;;FAUX;FAUX;FAUX;FAUX;FAUX;073;;;FAUX;;;;Fahmi Fauzi;;;;;;;
ALT_EOLE_B_MU_122_R2;ALT_EOLE_B_MU_122_C;BR;RARE;Gather the Pack;Gather the Pack;;;;LANDMARK_PERMANENT;FEAT;2;2;;;;{J} Target Character with Base Cost {3} or less gains [ANCHORED].  When you pass — If three or more #Characters# in your Expeditions have a different Base Cost, complete me.;[COMPLETED]: #All Characters# in your Expeditions are [TOUGH_CHA_P_1].;073;;FAUX;FAUX;FAUX;FAUX;FAUX;073;;;FAUX;;;;Fahmi Fauzi;;;;;;;
ALT_EOLE_B_OR_65_C;ALT_EOLE_B_OR_65_C;OR;COMMON;Zhen & Zephyr;Zhen & Zephyr;;;;HERO;;;;;;;At Noon — If you are first player, your Hero Expedition [ASCENDS]. (Until Rest, it can move forward even if matched in the terrains of its region.)  When one or more of your [ASCENDED_Z] Expeditions moves forward — If there's no Character facing it, draw a card.;;075;;FAUX;FAUX;FAUX;FAUX;FAUX;075;;;FAUX;;;;Zero Wen;;;;;;;
ALT_EOLE_B_OR_108_C;ALT_EOLE_B_OR_108_C;OR;COMMON;Paper Envoy;Paper Envoy;;;;CHARACTER;MESSENGER;1;1;1;1;1;{H} I gain [FLEETING] unless my Expedition is [ASCENDED_S].;;076;;FAUX;FAUX;FAUX;FAUX;FAUX;076;;;FAUX;;;;Victor Canton;;;;;;;
ALT_EOLE_B_OR_108_R1;ALT_EOLE_B_OR_108_C;OR;RARE;Paper Envoy;Paper Envoy;;;;CHARACTER;MESSENGER;1;1;1;1;#2#;{H} I gain [FLEETING] unless #one of your Expeditions# is [ASCENDED_S].;;076;;FAUX;FAUX;FAUX;FAUX;FAUX;076;;;FAUX;;;;Victor Canton;;;;;;;
ALT_EOLE_B_OR_108_R2;ALT_EOLE_B_OR_108_C;LY;RARE;Paper Envoy;Paper Envoy;;;;CHARACTER;MESSENGER;1;1;1;1;#2#;{H} I gain [FLEETING] unless #a {D} ability was activated this turn.#;;076;;FAUX;FAUX;FAUX;FAUX;FAUX;076;;;FAUX;;;;Victor Canton;;;;;;;
ALT_EOLE_B_OR_106_C;ALT_EOLE_B_OR_106_C;OR;COMMON;Nils Holgersson;Nils Holgersson;;;;CHARACTER;CITIZEN;2;2;3;3;0;;;077;;FAUX;FAUX;FAUX;FAUX;FAUX;077;;;FAUX;;;;Ba Vo;;;;;;;
ALT_EOLE_B_OR_106_R1;ALT_EOLE_B_OR_106_C;OR;RARE;Nils Holgersson;Nils Holgersson;;;;CHARACTER;CITIZEN;2;2;3;3;0;#{H} You may target a Character with Base Cost {1} or less. It switches Expeditions.#;#{D} : Create an [ORDIS_RECRUIT] Soldier token in target Expedition.#;077;;FAUX;FAUX;FAUX;FAUX;FAUX;077;;;FAUX;;;;Ba Vo;;;;;;;
ALT_EOLE_B_OR_106_R2;ALT_EOLE_B_OR_106_C;LY;RARE;Nils Holgersson;Nils Holgersson;;;;CHARACTER;CITIZEN;2;2;3;3;0;#{H} You may target a Character with Base Cost {1} or less. It switches Expeditions.#;#{D} : Create an [ORDIS_RECRUIT] Soldier token in target Expedition.#;077;;FAUX;FAUX;FAUX;FAUX;FAUX;077;;;FAUX;;;;Ba Vo;;;;;;;
ALT_EOLE_B_OR_112_C;ALT_EOLE_B_OR_112_C;OR;COMMON;Hippogriff;Hippogriff;;;;CHARACTER;ANIMAL;2;2;1;1;1;{H} My Expedition [ASCENDS].  When I leave an [ASCENDED_S] Expedition — Create an [ORDIS_RECRUIT] Soldier token in it.;;078;;FAUX;FAUX;FAUX;FAUX;FAUX;078;;;FAUX;;;;Khoa Viet;;;;;;;
ALT_EOLE_B_OR_112_R1;ALT_EOLE_B_OR_112_C;OR;RARE;Hippogriff;Hippogriff;;;;CHARACTER;ANIMAL;2;2;#2#;#2#;1;#{J}# My Expedition [ASCENDS].  When my Expedition #moves forward [DUE_TO_ASCENSION]# — Create an [ORDIS_RECRUIT] Soldier token in that Expedition after Rest.;;078;;FAUX;FAUX;FAUX;FAUX;FAUX;078;;;FAUX;;;;Khoa Viet;;;;;;;
ALT_EOLE_B_OR_112_R2;ALT_EOLE_B_OR_112_C;YZ;RARE;Hippogriff;Hippogriff;;;;CHARACTER;ANIMAL;2;2;#2#;#2#;1;#{J}# My Expedition [ASCENDS].  When my Expedition #moves forward [DUE_TO_ASCENSION]# — Create an [ORDIS_RECRUIT] Soldier token in that Expedition after Rest.;;078;;FAUX;FAUX;FAUX;FAUX;FAUX;078;;;FAUX;;;;Khoa Viet;;;;;;;
ALT_EOLE_B_OR_111_C;ALT_EOLE_B_OR_111_C;OR;COMMON;Wigwagging Kiwi;Wigwagging Kiwi;;;;CHARACTER;ANIMAL;2;2;1;0;0;{J} I gain 1 boost per [ASCENDED_S] Expedition you control.;;079;;FAUX;FAUX;FAUX;FAUX;FAUX;079;;;FAUX;;;;Zaeliven;;;;;;;
ALT_EOLE_B_OR_111_R1;ALT_EOLE_B_OR_111_C;OR;RARE;Wigwagging Kiwi;Wigwagging Kiwi;;;;CHARACTER;ANIMAL;2;2;1;#1#;#1#;{J} I gain 1 boost per [ASCENDED_S] Expedition you control.  #If one of your [ASCENDED_P] Expeditions would attempt to [ASCEND_INF] again, I also gain 1 boost.#;;079;;FAUX;FAUX;FAUX;FAUX;FAUX;079;;;FAUX;;;;Zaeliven;;;;;;;
ALT_EOLE_B_OR_111_R2;ALT_EOLE_B_OR_111_C;MU;RARE;Wigwagging Kiwi;Wigwagging Kiwi;;;;CHARACTER;ANIMAL;2;2;1;#1#;#1#;{J} I gain 1 boost per other #Animal in your Expeditions, up to a max of 2 boosts on me.#;;079;;FAUX;FAUX;FAUX;FAUX;FAUX;079;;;FAUX;;;;Zaeliven;;;;;;;
ALT_EOLE_B_OR_107_C;ALT_EOLE_B_OR_107_C;OR;COMMON;Corrupted Gargoyle;Corrupted Gargoyle;;;;CHARACTER;CORRUPTION ELEMENTAL;2;2;3;3;0;{H} I gain [FLEETING] unless there's another Character in each of your Expeditions.  {H} Target Expedition [ASCENDS].;;080;;FAUX;FAUX;FAUX;FAUX;FAUX;080;;;FAUX;;;;Zero Wen;;;;;;;
ALT_EOLE_B_OR_107_R1;ALT_EOLE_B_OR_107_C;OR;RARE;Corrupted Gargoyle;Corrupted Gargoyle;;;;CHARACTER;CORRUPTION ELEMENTAL;2;2;3;3;#1#;#I can't be played# unless there's another Character in each of your Expeditions.  #{J}# Target Expedition [ASCENDS].;;080;;FAUX;FAUX;FAUX;FAUX;FAUX;080;;;FAUX;;;;Zero Wen;;;;;;;
ALT_EOLE_B_OR_107_R2;ALT_EOLE_B_OR_107_C;MU;RARE;Corrupted Gargoyle;Corrupted Gargoyle;;;;CHARACTER;CORRUPTION ELEMENTAL;2;2;3;3;#1#;#I can't be played# unless there's another Character in each of your Expeditions.  #{J}# Target Expedition [ASCENDS].;;080;;FAUX;FAUX;FAUX;FAUX;FAUX;080;;;FAUX;;;;Zero Wen;;;;;;;
ALT_EOLE_B_OR_110_C;ALT_EOLE_B_OR_110_C;OR;COMMON;Thunderbird;Thunderbird;;;;CHARACTER;ANIMAL;3;3;2;2;2;{H} My Expedition [ASCENDS].  When my Expedition moves forward [DUE_TO_ASCENSION] (if it moved forward due to at least one matched stat) — Draw a card.;;081;;FAUX;FAUX;FAUX;FAUX;FAUX;081;;;FAUX;;;;DOBA;;;;;;;
ALT_EOLE_B_OR_110_R1;ALT_EOLE_B_OR_110_C;OR;RARE;Thunderbird;Thunderbird;;;;CHARACTER;ANIMAL;3;3;2;2;2;#{J}# My Expedition [ASCENDS].  When my Expedition moves forward [DUE_TO_ASCENSION] — Draw a card.;;081;;FAUX;FAUX;FAUX;FAUX;FAUX;081;;;FAUX;;;;DOBA;;;;;;;
ALT_EOLE_B_OR_110_R2;ALT_EOLE_B_OR_110_C;YZ;RARE;Thunderbird;Thunderbird;;;;CHARACTER;ANIMAL;3;3;2;2;2;#{J}# My Expedition [ASCENDS].  When my Expedition moves forward [DUE_TO_ASCENSION] — Draw a card.;;081;;FAUX;FAUX;FAUX;FAUX;FAUX;081;;;FAUX;;;;DOBA;;;;;;;
ALT_EOLE_B_OR_113_C;ALT_EOLE_B_OR_113_C;OR;COMMON;Seeker Owl;Seeker Owl;;;;CHARACTER;ANIMAL;3;3;3;2;3;When I leave the Expedition zone — My Expedition [ASCENDS]. (If I leave at Rest, it stays Ascended for the next Day.);;082;;FAUX;FAUX;FAUX;FAUX;FAUX;082;;;FAUX;;;;Kevin Sidharta;;;;;;;
ALT_EOLE_B_OR_113_R1;ALT_EOLE_B_OR_113_C;OR;RARE;Seeker Owl;Seeker Owl;;;;CHARACTER;ANIMAL;3;3;3;#3#;3;When I leave the Expedition zone — #Each of your Expeditions# [ASCENDS].;;082;;FAUX;FAUX;FAUX;FAUX;FAUX;082;;;FAUX;;;;Kevin Sidharta;;;;;;;
ALT_EOLE_B_OR_113_R2;ALT_EOLE_B_OR_113_C;YZ;RARE;Seeker Owl;Seeker Owl;;;;CHARACTER;ANIMAL;3;3;3;#3#;3;When I leave the Expedition zone — #Each of your Expeditions# [ASCENDS].;;082;;FAUX;FAUX;FAUX;FAUX;FAUX;082;;;FAUX;;;;Kevin Sidharta;;;;;;;
ALT_EOLE_B_OR_109_C;ALT_EOLE_B_OR_109_C;OR;COMMON;Ayxas, Repented Tyrant;Ayxas, Repented Tyrant;;;;CHARACTER;NOBLE ROGUE;3;3;3;3;3;{H} You may create an [ORDIS_RECRUIT] Soldier token in an opponent's Expedition to [SABOTAGE_LOW].;;083;;FAUX;FAUX;FAUX;FAUX;FAUX;083;;;FAUX;;;;Tristan Bideau;;;;;;;
ALT_EOLE_B_OR_109_R1;ALT_EOLE_B_OR_109_C;OR;RARE;Ayxas, Repented Tyrant;Ayxas, Repented Tyrant;;;;CHARACTER;NOBLE ROGUE;#2#;#2#;#2#;#2#;#2#;{H} You may create an [ORDIS_RECRUIT] Soldier token in an opponent's Expedition to [SABOTAGE_LOW].;;083;;FAUX;FAUX;FAUX;FAUX;FAUX;083;;;FAUX;;;;Tristan Bideau;;;;;;;
ALT_EOLE_B_OR_109_R2;ALT_EOLE_B_OR_109_C;MU;RARE;Ayxas, Repented Tyrant;Ayxas, Repented Tyrant;;;;CHARACTER;NOBLE ROGUE;#2#;#2#;#2#;#2#;#2#;{H} You may create a #[WOOLLYBACK] Animal# token in an opponent's Expedition to [SABOTAGE_LOW].;;083;;FAUX;FAUX;FAUX;FAUX;FAUX;083;;;FAUX;;;;Tristan Bideau;;;;;;;
ALT_EOLE_B_OR_114_C;ALT_EOLE_B_OR_114_C;OR;COMMON;Corrupted Jeanne;Corrupted Jeanne;;;;CHARACTER;CORRUPTION SOLDIER;3;3;1;1;1;{H} I gain [FLEETING] unless there's another Character in each of your Expeditions.  When I leave the Expedition zone — Create an [ORDIS_RECRUIT] Soldier token in each of your Expeditions.;;084;;FAUX;FAUX;FAUX;FAUX;FAUX;084;;;FAUX;;;;Tristan Bideau;;;;;;;
ALT_EOLE_B_OR_114_R1;ALT_EOLE_B_OR_114_C;OR;RARE;Corrupted Jeanne;Corrupted Jeanne;;;;CHARACTER;CORRUPTION SOLDIER;3;3;#2#;#2#;#2#;#I can't be played# unless there's another Character in each of your Expeditions.  When I leave the Expedition zone — Create an [ORDIS_RECRUIT] Soldier token in each of your Expeditions.;#{D} : Create an [ORDIS_RECRUIT] Soldier token in target Expedition.#;084;;FAUX;FAUX;FAUX;FAUX;FAUX;084;;;FAUX;;;;Tristan Bideau;;;;;;;
ALT_EOLE_B_OR_114_R2;ALT_EOLE_B_OR_114_C;MU;RARE;Corrupted Jeanne;Corrupted Jeanne;;;;CHARACTER;CORRUPTION SOLDIER;3;3;#2#;#2#;#2#;#I can't be played# unless there's another Character in each of your Expeditions.  When I leave the Expedition zone — Create a #[WOOLLYBACK] Animal# token in each of your Expeditions.;#{D} : Create a [WOOLLYBACK] Animal token in target Expedition.#;084;;FAUX;FAUX;FAUX;FAUX;FAUX;084;;;FAUX;;;;Tristan Bideau;;;;;;;
ALT_EOLE_B_OR_117_E;ALT_EOLE_B_OR_117_C;OR;EXALTED;Plague of Intolerance;Plague of Intolerance;;;;CHARACTER;CORRUPTION;4;3;4;4;4;{H} Sacrifice a Character. Then, depending on the number of Characters in your Expeditions:  • 2+: Draw a card.  • 4+: I also gain 2 boosts.  • 6+: Each other Character in your Expeditions also gains 1 boost.;;085;;FAUX;FAUX;FAUX;FAUX;FAUX;085;;;FAUX;;;;Anh Tung;;;;;;;
ALT_EOLE_B_OR_116_C;ALT_EOLE_B_OR_116_C;OR;COMMON;Stigma of Banality;Stigma of Banality;;;;CHARACTER;CORRUPTION;5;3;3;3;3;{H} You may discard target Character with Base Cost {2} or less. If you do, create an [ORDIS_RECRUIT] Soldier token in its Expedition. (Its Base Cost is the Reserve Cost if Fleeting, or the Hand Cost if not.);;086;;FAUX;FAUX;FAUX;FAUX;FAUX;086;;;FAUX;;;;Nestor Papatriantafyllou;;;;;;;
ALT_EOLE_B_OR_116_R1;ALT_EOLE_B_OR_116_C;OR;RARE;Stigma of Banality;Stigma of Banality;;;;CHARACTER;CORRUPTION;#4#;3;#4#;3;3;{H} You may discard target Character with Base Cost #{1} or less.# If you do, create an [ORDIS_RECRUIT] Soldier token in its Expedition.;;086;;FAUX;FAUX;FAUX;FAUX;FAUX;086;;;FAUX;;;;Nestor Papatriantafyllou;;;;;;;
ALT_EOLE_B_OR_116_R2;ALT_EOLE_B_OR_116_C;MU;RARE;Stigma of Banality;Stigma of Banality;;;;CHARACTER;CORRUPTION;#4#;3;#4#;3;3;{H} You may discard target Character with Base Cost #{1} or less.# If you do, create a #[WOOLLYBACK] Animal# token in its Expedition.;;086;;FAUX;FAUX;FAUX;FAUX;FAUX;086;;;FAUX;;;;Nestor Papatriantafyllou;;;;;;;
ALT_EOLE_B_OR_115_C;ALT_EOLE_B_OR_115_C;OR;COMMON;Pegasus;Pegasus;;;;CHARACTER;ANIMAL;5;5;3;3;4;When my Expedition would move forward [DUE_TO_ASCENSION], it moves forward one more region instead. (If it moved forward due to at least one matched stat.);;087;;FAUX;FAUX;FAUX;FAUX;FAUX;087;;;FAUX;;;;DOBA;;;;;;;
ALT_EOLE_B_OR_115_R1;ALT_EOLE_B_OR_115_C;OR;RARE;Pegasus;Pegasus;;;;CHARACTER;ANIMAL;5;5;3;#4#;4;#{J} Each of your Expeditions [ASCENDS].#   When #both of your Expeditions# move forward [DUE_TO_ASCENSION] — #You win the game.#;;087;;FAUX;FAUX;FAUX;FAUX;FAUX;087;;;FAUX;;;;DOBA;;;;;;;
ALT_EOLE_B_OR_115_R2;ALT_EOLE_B_OR_115_C;MU;RARE;Pegasus;Pegasus;;;;CHARACTER;ANIMAL;5;5;3;#4#;4;#{J} Each of your Expeditions [ASCENDS].#  When #both of your Expeditions# move forward [DUE_TO_ASCENSION] — #You win the game.#;;087;;FAUX;FAUX;FAUX;FAUX;FAUX;087;;;FAUX;;;;DOBA;;;;;;;
ALT_EOLE_B_OR_118_C;ALT_EOLE_B_OR_118_C;OR;COMMON;Strategic Deployment;Strategic Deployment;;;;SPELL;MANEUVER;2;2;;;;[FLEETING].  Choose one:  • Target up to two Expeditions and create an [ORDIS_RECRUIT] Soldier token in each of them.  • Target Character with Base Cost {2} or less switches Expeditions. (It joins its controller's other Expedition.);;088;;FAUX;FAUX;FAUX;FAUX;FAUX;088;;;FAUX;;;;DOBA;;;;;;;
ALT_EOLE_B_OR_118_R1;ALT_EOLE_B_OR_118_C;OR;RARE;Strategic Deployment;Strategic Deployment;;;;SPELL;MANEUVER;2;2;;;;Choose one:  • Target up to two Expeditions and create an [ORDIS_RECRUIT] Soldier token in each of them.  • Target Character with Base Cost {2} or less switches Expeditions.;;088;;FAUX;FAUX;FAUX;FAUX;FAUX;088;;;FAUX;;;;DOBA;;;;;;;
ALT_EOLE_B_OR_118_R2;ALT_EOLE_B_OR_118_C;AX;RARE;Strategic Deployment;Strategic Deployment;;;;SPELL;MANEUVER;2;2;;;;Choose one:  • Target up to two Expeditions and create an [ORDIS_RECRUIT] Soldier token in each of them.  • Target Character with Base Cost {2} or less switches Expeditions.;;088;;FAUX;FAUX;FAUX;FAUX;FAUX;088;;;FAUX;;;;DOBA;;;;;;;
ALT_EOLE_B_OR_120_C;ALT_EOLE_B_OR_120_C;OR;COMMON;Out of a Dark Sky;Out of a Dark Sky;;;;SPELL;DISRUPTION;3;3;;;;[FLEETING].  Send to Reserve target Character with Base Cost {3} or less. Then, if both of your Expeditions are [ASCENDED_P], [RESUPPLY_LOW].;;089;;FAUX;FAUX;FAUX;FAUX;FAUX;089;;;FAUX;;;;Justice Wong;;;;;;;
ALT_EOLE_B_OR_120_R1;ALT_EOLE_B_OR_120_C;OR;RARE;Out of a Dark Sky;Out of a Dark Sky;;;;SPELL;DISRUPTION;#2#;#2#;;;;[FLEETING].  Send to Reserve target Character with Base Cost #{2} or less.# Then, if both of your Expeditions are [ASCENDED_P], [RESUPPLY_LOW].;;089;;FAUX;FAUX;FAUX;FAUX;FAUX;089;;;FAUX;;;;Justice Wong;;;;;;;
ALT_EOLE_B_OR_120_R2;ALT_EOLE_B_OR_120_C;YZ;RARE;Out of a Dark Sky;Out of a Dark Sky;;;;SPELL;DISRUPTION;#2#;#2#;;;;[FLEETING].  Send to Reserve target Character with Base Cost #{2} or less.# Then, if both of your Expeditions are #behind or tied,# [RESUPPLY_LOW].;;089;;FAUX;FAUX;FAUX;FAUX;FAUX;089;;;FAUX;;;;Justice Wong;;;;;;;
ALT_EOLE_B_OR_122_E;ALT_EOLE_B_OR_122_C;OR;EXALTED;Evacuate the City!;Evacuate the City!;;;;LANDMARK_PERMANENT;FEAT;2;2;;;;{J} Create an [ORDIS_RECRUIT] Soldier token in each of your [ASCENDED_P] Expeditions.  When one of your Expeditions moves forward [DUE_TO_ASCENSION] — Complete me.;[COMPLETED]: At Noon — Your Companion Expedition [ASCENDS], then create an [ORDIS_RECRUIT] Soldier token in it.;090;;FAUX;FAUX;FAUX;FAUX;FAUX;090;;;FAUX;;;;Anh Tung & Ba Vo;;;;;;;
ALT_EOLE_B_OR_121_C;ALT_EOLE_B_OR_121_C;OR;COMMON;Cover the Retreat;Cover the Retreat;;;;LANDMARK_PERMANENT;FEAT;2;2;;;;{J} Create an [ORDIS_RECRUIT] Soldier token in each of your Expeditions.  When you pass — If seven or more Characters are in your Expeditions, complete me.;[COMPLETED]: When you create a token Character — You may exhaust me ({T}) to give it 1 boost. ;092;;FAUX;FAUX;FAUX;FAUX;FAUX;092;;;FAUX;;;;Kevin Sidharta;;;;;;;
ALT_EOLE_B_OR_121_R1;ALT_EOLE_B_OR_121_C;OR;RARE;Cover the Retreat;Cover the Retreat;;;;LANDMARK_PERMANENT;FEAT;2;2;;;;{J} Create two [ORDIS_RECRUIT] Soldier tokens #distributed among any Expeditions.#  When you pass — If #six# or more Characters are in your Expeditions, complete me.;[COMPLETED]: When you create a token Character — You may exhaust me ({T}) to give it 1 boost. ;092;;FAUX;FAUX;FAUX;FAUX;FAUX;092;;;FAUX;;;;Kevin Sidharta;;;;;;;
ALT_EOLE_B_OR_121_R2;ALT_EOLE_B_OR_121_C;YZ;RARE;Cover the Retreat;Cover the Retreat;;;;LANDMARK_PERMANENT;FEAT;#3#;#3#;;;;{J} Create a #[MANA_MOTH] Illusion# token in each of your Expeditions.  #At Noon# — If #six or more cards are in your discard pile,# complete me.;[COMPLETED]: When you create a token Character — You may exhaust me ({T}) to give it 1 boost. ;092;;FAUX;FAUX;FAUX;FAUX;FAUX;092;;;FAUX;;;;Kevin Sidharta;;;;;;;
ALT_EOLE_B_OR_119_C;ALT_EOLE_B_OR_119_C;OR;COMMON;Delay the Collapse;Delay the Collapse;;;;LANDMARK_PERMANENT;FEAT;2;2;;;;{J} [RESUPPLY].  When you pass — If the total Hand Cost of cards in your Landmarks is {6} or more, complete me.;[COMPLETED]: Other cards in your Landmarks are [TOUGH_PER_P_1]. (Opponents must pay {1} to target them.);093;;FAUX;FAUX;FAUX;FAUX;FAUX;093;;;FAUX;;;;Saeed Jalabi;;;;;;;
ALT_EOLE_B_OR_119_R1;ALT_EOLE_B_OR_119_C;OR;RARE;Delay the Collapse;Delay the Collapse;;;;LANDMARK_PERMANENT;FEAT;2;2;;;;{J} #Create an [AEROLITH] token in your Landmarks.#  When you pass — If the total Hand Cost of cards in your Landmarks is {6} or more, complete me.;[COMPLETED]: Other cards in your Landmarks are [TOUGH_PER_P_1].;093;;FAUX;FAUX;FAUX;FAUX;FAUX;093;;;FAUX;;;;Saeed Jalabi;;;;;;;
ALT_EOLE_B_OR_119_R2;ALT_EOLE_B_OR_119_C;AX;RARE;Delay the Collapse;Delay the Collapse;;;;LANDMARK_PERMANENT;FEAT;2;2;;;;{J} #Create an [AEROLITH] token in your Landmarks.#  When you pass — If the total Hand Cost of cards in your Landmarks is {6} or more, complete me.;[COMPLETED]: Other cards in your Landmarks are [TOUGH_PER_P_1].;093;;FAUX;FAUX;FAUX;FAUX;FAUX;093;;;FAUX;;;;Saeed Jalabi;;;;;;;
ALT_EOLE_B_YZ_105_C;ALT_EOLE_B_YZ_105_C;YZ;COMMON;Sam & Spook;Sam & Spook;;;;HERO;;;;;;;"{T} : Draw a card, then discard a card from your hand. You can only activate this if you are first player.  When six cards or more are in your discard pile, I permanently gain:  ""When you discard a card from your hand — Return it to your Reserve.""";;094;;FAUX;FAUX;FAUX;FAUX;FAUX;094;;;FAUX;;;;Zero Wen;;;;;;;
ALT_EOLE_B_YZ_106_C;ALT_EOLE_B_YZ_106_C;YZ;COMMON;Qorgan Occultist;Qorgan Occultist;;;;CHARACTER;MAGE;1;1;2;0;1;{H} I gain [FLEETING] unless you discarded a card from your hand this turn. (Not this Day.);;095;;FAUX;FAUX;FAUX;FAUX;FAUX;095;;;FAUX;;;;Gamon Studio;;;;;;;
ALT_EOLE_B_YZ_106_R1;ALT_EOLE_B_YZ_106_C;YZ;RARE;Qorgan Occultist;Qorgan Occultist;;;;CHARACTER;MAGE;1;1;2;0;#2#;{H} I gain [FLEETING] unless you discarded a card from your hand #or your Reserve# this turn.;;095;;FAUX;FAUX;FAUX;FAUX;FAUX;095;;;FAUX;;;;Gamon Studio;;;;;;;
ALT_EOLE_B_YZ_106_R2;ALT_EOLE_B_YZ_106_C;LY;RARE;Qorgan Occultist;Qorgan Occultist;;;;CHARACTER;MAGE;1;1;2;0;#2#;{H} I gain [FLEETING] unless you discarded a card from your hand #or your Reserve# this turn.;;095;;FAUX;FAUX;FAUX;FAUX;FAUX;095;;;FAUX;;;;Gamon Studio;;;;;;;
ALT_EOLE_B_YZ_107_C;ALT_EOLE_B_YZ_107_C;YZ;COMMON;Terrified Ghost;Terrified Ghost;;;;CHARACTER;SPIRIT;2;1;2;1;1;;;096;;FAUX;FAUX;FAUX;FAUX;FAUX;096;;;FAUX;;;;Jean-Baptiste Andrier;;;;;;;
ALT_EOLE_B_YZ_107_R1;ALT_EOLE_B_YZ_107_C;YZ;RARE;Terrified Ghost;Terrified Ghost;;;;CHARACTER;SPIRIT;2;1;2;1;1;#When I'm discarded from your hand — [RESUPPLY].#;;096;;FAUX;FAUX;FAUX;FAUX;FAUX;096;;;FAUX;;;;Jean-Baptiste Andrier;;;;;;;
ALT_EOLE_B_YZ_107_R2;ALT_EOLE_B_YZ_107_C;MU;RARE;Terrified Ghost;Terrified Ghost;;;;CHARACTER;SPIRIT;2;1;2;#2#;#2#;;;096;;FAUX;FAUX;FAUX;FAUX;FAUX;096;;;FAUX;;;;Jean-Baptiste Andrier;;;;;;;
ALT_EOLE_B_YZ_111_C;ALT_EOLE_B_YZ_111_C;YZ;COMMON;Grumpy Imp;Grumpy Imp;;;;CHARACTER;SPIRIT;2;2;2;2;1;When you discard a card from your hand — If I have no boosts, I gain 1 boost.;;097;;FAUX;FAUX;FAUX;FAUX;FAUX;097;;;FAUX;;;;Jean-Baptiste Andrier;;;;;;;
ALT_EOLE_B_YZ_111_R1;ALT_EOLE_B_YZ_111_C;YZ;RARE;Grumpy Imp;Grumpy Imp;;;;CHARACTER;SPIRIT;#1#;#1#;#1#;#1#;#0#;When you discard a card from your hand — If I have no boosts, I gain 1 boost.;;097;;FAUX;FAUX;FAUX;FAUX;FAUX;097;;;FAUX;;;;Jean-Baptiste Andrier;;;;;;;
ALT_EOLE_B_YZ_111_R2;ALT_EOLE_B_YZ_111_C;AX;RARE;Grumpy Imp;Grumpy Imp;;;;CHARACTER;SPIRIT;2;2;2;2;1;When you #put a card from your hand in Reserve# — If I have no boosts, I gain 1 boost.;;097;;FAUX;FAUX;FAUX;FAUX;FAUX;097;;;FAUX;;;;Jean-Baptiste Andrier;;;;;;;
ALT_EOLE_B_YZ_118_C;ALT_EOLE_B_YZ_118_C;YZ;COMMON;Qorgan Phantom;Qorgan Phantom;;;;CHARACTER;MAGE;2;2;2;0;3;;{D} : Draw a card, then discard a card from your hand. (Discard me from Reserve to do this.);098;;FAUX;FAUX;FAUX;FAUX;FAUX;098;;;FAUX;;;;Jefrey Yonathan;;;;;;;
ALT_EOLE_B_YZ_118_R1;ALT_EOLE_B_YZ_118_C;YZ;RARE;Qorgan Phantom;Qorgan Phantom;;;;CHARACTER;MAGE;2;2;#3#;0;3;#{H} You may pay {1}. If you do, I activate my {D} ability.#;{D} : Draw a card, then discard a card from your hand.;098;;FAUX;FAUX;FAUX;FAUX;FAUX;098;;;FAUX;;;;Jefrey Yonathan;;;;;;;
ALT_EOLE_B_YZ_118_R2;ALT_EOLE_B_YZ_118_C;LY;RARE;Qorgan Phantom;Qorgan Phantom;;;;CHARACTER;MAGE;2;2;2;0;3;;{D} : Draw a card, then #put a card from your hand in Reserve.#;098;;FAUX;FAUX;FAUX;FAUX;FAUX;098;;;FAUX;;;;Jefrey Yonathan;;;;;;;
ALT_EOLE_B_YZ_108_C;ALT_EOLE_B_YZ_108_C;YZ;COMMON;Corrupted Tooth Fairy;Corrupted Tooth Fairy;;;;CHARACTER;CORRUPTION FAIRY;2;2;1;2;1;{H} I gain [FLEETING] unless six or more cards are in your discard pile.  {H} [SABOTAGE].;;099;;FAUX;FAUX;FAUX;FAUX;FAUX;099;;;FAUX;;;;Nestor Papatriantafyllou;;;;;;;
ALT_EOLE_B_YZ_108_R1;ALT_EOLE_B_YZ_108_C;YZ;RARE;Corrupted Tooth Fairy;Corrupted Tooth Fairy;;;;CHARACTER;CORRUPTION FAIRY;2;2;#2#;#3#;#2#;#I can't be played# unless six or more cards are in your discard pile.  {H} [SABOTAGE].;;099;;FAUX;FAUX;FAUX;FAUX;FAUX;099;;;FAUX;;;;Nestor Papatriantafyllou;;;;;;;
ALT_EOLE_B_YZ_108_R2;ALT_EOLE_B_YZ_108_C;BR;RARE;Corrupted Tooth Fairy;Corrupted Tooth Fairy;;;;CHARACTER;CORRUPTION FAIRY;2;2;#2#;#3#;#2#;#I can't be played# unless six or more cards are in your discard pile.  {H} [SABOTAGE].;;099;;FAUX;FAUX;FAUX;FAUX;FAUX;099;;;FAUX;;;;Nestor Papatriantafyllou;;;;;;;
ALT_EOLE_B_YZ_112_C;ALT_EOLE_B_YZ_112_C;YZ;COMMON;Qorgan Exorcist;Qorgan Exorcist;;;;CHARACTER;MAGE;2;2;2;2;2;{H} Discard the top card of your deck.;;100;;FAUX;FAUX;FAUX;FAUX;FAUX;100;;;FAUX;;;;Nestor Papatriantafyllou;;;;;;;
ALT_EOLE_B_YZ_112_R1;ALT_EOLE_B_YZ_112_C;YZ;RARE;Qorgan Exorcist;Qorgan Exorcist;;;;CHARACTER;MAGE;2;2;2;2;2;#{J} If six or more cards are in your discard pile, I gain 1 boost.# Otherwise, discard the top card of your deck.;;100;;FAUX;FAUX;FAUX;FAUX;FAUX;100;;;FAUX;;;;Nestor Papatriantafyllou;;;;;;;
ALT_EOLE_B_YZ_112_R2;ALT_EOLE_B_YZ_112_C;AX;RARE;Qorgan Exorcist;Qorgan Exorcist;;;;CHARACTER;MAGE;2;2;2;2;2;#{J} If six or more cards are in your discard pile, I gain 1 boost.# Otherwise, discard the top card of your deck.;;100;;FAUX;FAUX;FAUX;FAUX;FAUX;100;;;FAUX;;;;Nestor Papatriantafyllou;;;;;;;
ALT_EOLE_B_YZ_109_C;ALT_EOLE_B_YZ_109_C;YZ;COMMON;Mana Seamstress;Mana Seamstress;;;;CHARACTER;ARTIST MAGE;3;2;2;3;2;;;101;;FAUX;FAUX;FAUX;FAUX;FAUX;101;;;FAUX;;;;Anh Tung;;;;;;;
ALT_EOLE_B_YZ_109_R1;ALT_EOLE_B_YZ_109_C;YZ;RARE;Mana Seamstress;Mana Seamstress;;;;CHARACTER;ARTIST MAGE;3;2;2;3;2;#{H} If six or more cards are in your discard pile, discard target Character with Base Cost {1} or less.#;;101;;FAUX;FAUX;FAUX;FAUX;FAUX;101;;;FAUX;;;;Anh Tung;;;;;;;
ALT_EOLE_B_YZ_109_R2;ALT_EOLE_B_YZ_109_C;BR;RARE;Mana Seamstress;Mana Seamstress;;;;CHARACTER;ARTIST MAGE;3;2;2;3;2;#{H} If six or more cards are in your discard pile, discard target Character with Base Cost {1} or less.#;;101;;FAUX;FAUX;FAUX;FAUX;FAUX;101;;;FAUX;;;;Anh Tung;;;;;;;
ALT_EOLE_B_YZ_120_C;ALT_EOLE_B_YZ_120_C;YZ;COMMON;Baron Cimetière;Baron Cimetière;;;;CHARACTER;MAGE;3;2;2;2;2;{H} If six or more cards are in your discard pile, create a [MANA_MOTH] Illusion token in target Expedition.;;102;;FAUX;FAUX;FAUX;FAUX;FAUX;102;;;FAUX;;;;Anh Tung;;;;;;;
ALT_EOLE_B_YZ_120_R1;ALT_EOLE_B_YZ_120_C;YZ;RARE;Baron Cimetière;Baron Cimetière;;;;CHARACTER;MAGE;#2#;2;#1#;#1#;#1#;#{J}# If six or more cards are in your discard pile, create a [MANA_MOTH] Illusion token in target Expedition. #Otherwise, I gain 1 boost.#;;102;;FAUX;FAUX;FAUX;FAUX;FAUX;102;;;FAUX;;;;Anh Tung;;;;;;;
ALT_EOLE_B_YZ_120_R2;ALT_EOLE_B_YZ_120_C;BR;RARE;Baron Cimetière;Baron Cimetière;;;;CHARACTER;MAGE;#2#;2;#1#;#1#;#1#;#{J} If you control a [COMPLETED_LOW] Feat,# create a [MANA_MOTH] Illusion token in target Expedition. #Otherwise, I gain 1 boost.#;;102;;FAUX;FAUX;FAUX;FAUX;FAUX;102;;;FAUX;;;;Anh Tung;;;;;;;
ALT_EOLE_B_YZ_110_C;ALT_EOLE_B_YZ_110_C;YZ;COMMON;Molting Crab;Molting Crab;;;;CHARACTER;ANIMAL;3;3;2;2;4;{H} Draw a card, then discard a card from your hand.;;103;;FAUX;FAUX;FAUX;FAUX;FAUX;103;;;FAUX;;;;Fahmi Fauzi;;;;;;;
ALT_EOLE_B_YZ_110_R1;ALT_EOLE_B_YZ_110_C;YZ;RARE;Molting Crab;Molting Crab;;;;CHARACTER;ANIMAL;3;3;#3#;#3#;4;#{J}# Draw a card, then discard a card from your hand.;;103;;FAUX;FAUX;FAUX;FAUX;FAUX;103;;;FAUX;;;;Fahmi Fauzi;;;;;;;
ALT_EOLE_B_YZ_110_R2;ALT_EOLE_B_YZ_110_C;MU;RARE;Molting Crab;Molting Crab;;;;CHARACTER;ANIMAL;3;3;#3#;#3#;4;#{J}# Draw a card, then discard a card from your hand.;;103;;FAUX;FAUX;FAUX;FAUX;FAUX;103;;;FAUX;;;;Fahmi Fauzi;;;;;;;
ALT_EOLE_B_YZ_114_C;ALT_EOLE_B_YZ_114_C;YZ;COMMON;Corrupted Baba Yaga;Corrupted Baba Yaga;;;;CHARACTER;CORRUPTION MAGE;3;2;2;2;2;{H} I gain [FLEETING] unless six or more cards are in your discard pile.  {H} Draw a card.;;104;;FAUX;FAUX;FAUX;FAUX;FAUX;104;;;FAUX;;;;Taras Susak;;;;;;;
ALT_EOLE_B_YZ_114_R1;ALT_EOLE_B_YZ_114_C;YZ;RARE;Corrupted Baba Yaga;Corrupted Baba Yaga;;;;CHARACTER;CORRUPTION MAGE;3;2;#3#;#3#;#3#;#I can't be played# unless six or more cards are in your discard pile.  {H} Draw a card.;;104;;FAUX;FAUX;FAUX;FAUX;FAUX;104;;;FAUX;;;;Taras Susak;;;;;;;
ALT_EOLE_B_YZ_114_R2;ALT_EOLE_B_YZ_114_C;OR;RARE;Corrupted Baba Yaga;Corrupted Baba Yaga;;;;CHARACTER;CORRUPTION MAGE;3;2;2;2;2;{H} I gain [FLEETING] unless six or more cards are in your discard pile.  {H} Draw a card.;;104;;FAUX;FAUX;FAUX;FAUX;FAUX;104;;;FAUX;;;;Taras Susak;;;;;;;
ALT_EOLE_B_YZ_116_E;ALT_EOLE_B_YZ_116_C;YZ;EXALTED;Plague of Ignorance;Plague of Ignorance;;;;CHARACTER;CORRUPTION;4;3;4;4;3;{H} You may discard a card from your hand to send target Character to Reserve.;;105;;FAUX;FAUX;FAUX;FAUX;FAUX;105;;;FAUX;;;;Taras Susak;;;;;;;
ALT_EOLE_B_YZ_115_C;ALT_EOLE_B_YZ_115_C;YZ;COMMON;Stigma of Fallacy;Stigma of Fallacy;;;;CHARACTER;CORRUPTION;4;4;4;4;4;"{H} If there's a ""Stigma of Fallacy"" in your discard pile, create a [MANA_MOTH] Illusion token in target Expedition.";{D} : [AFTER_YOU]. (End your turn as if you had played a card.);106;;FAUX;FAUX;FAUX;FAUX;FAUX;106;;;FAUX;;;;Ba Vo;;;;;;;
ALT_EOLE_B_YZ_115_R1;ALT_EOLE_B_YZ_115_C;YZ;RARE;Stigma of Fallacy;Stigma of Fallacy;;;;CHARACTER;CORRUPTION;4;4;4;4;4;"#{J}# Do this once #for each# ""Stigma of Fallacy"" in your discard pile:  • Create a [MANA_MOTH] Illusion token in target Expedition.";{D} : [AFTER_YOU].;106;;FAUX;FAUX;FAUX;FAUX;FAUX;106;;;FAUX;;;;Ba Vo;;;;;;;
ALT_EOLE_B_YZ_115_R2;ALT_EOLE_B_YZ_115_C;AX;RARE;Stigma of Fallacy;Stigma of Fallacy;;;;CHARACTER;CORRUPTION;4;4;4;4;4;"#{J}# Do this once #for each# ""Stigma of Fallacy"" in your discard pile:  • Create a [MANA_MOTH] Illusion token in target Expedition.";{D} : [AFTER_YOU].;106;;FAUX;FAUX;FAUX;FAUX;FAUX;106;;;FAUX;;;;Ba Vo;;;;;;;
ALT_EOLE_B_YZ_113_C;ALT_EOLE_B_YZ_113_C;YZ;COMMON;Janus;Janus;;;;CHARACTER;DEITY;4;4;1;1;1;$[GIGANTIC].  When you discard a card from your hand — I gain 1 boost.;;107;;FAUX;FAUX;FAUX;FAUX;FAUX;107;;;FAUX;;;;Gamon Studio;;;;;;;
ALT_EOLE_B_YZ_113_R1;ALT_EOLE_B_YZ_113_C;YZ;RARE;Janus;Janus;;;;CHARACTER;DEITY;#5#;#5#;1;1;1;[GIGANTIC].  When you discard a card from your hand #or your Reserve# — I gain 1 boost.;;107;;FAUX;FAUX;FAUX;FAUX;FAUX;107;;;FAUX;;;;Gamon Studio;;;;;;;
ALT_EOLE_B_YZ_113_R2;ALT_EOLE_B_YZ_113_C;LY;RARE;Janus;Janus;;;;CHARACTER;DEITY;#5#;#5#;1;1;1;[GIGANTIC].  When you discard a card from your hand #or your Reserve# — I gain 1 boost.;;107;;FAUX;FAUX;FAUX;FAUX;FAUX;107;;;FAUX;;;;Gamon Studio;;;;;;;
ALT_EOLE_B_YZ_119_C;ALT_EOLE_B_YZ_119_C;YZ;COMMON;Investigate the Corruption;Investigate the Corruption;;;;SPELL;CONJURATION;2;2;;;;$[FLEETING].  Draw two cards, then discard a card from your hand.;;108;;FAUX;FAUX;FAUX;FAUX;FAUX;108;;;FAUX;;;;Nestor Papatriantafyllou;;;;;;;
ALT_EOLE_B_YZ_119_R1;ALT_EOLE_B_YZ_119_C;YZ;RARE;Investigate the Corruption;Investigate the Corruption;;;;SPELL;CONJURATION;#3#;#3#;;;;[FLEETING].  Draw #three cards,# then discard a card from your hand.;;108;;FAUX;FAUX;FAUX;FAUX;FAUX;108;;;FAUX;;;;Nestor Papatriantafyllou;;;;;;;
ALT_EOLE_B_YZ_119_R2;ALT_EOLE_B_YZ_119_C;OR;RARE;Investigate the Corruption;Investigate the Corruption;;;;SPELL;CONJURATION;#3#;#3#;;;;[FLEETING].  Draw #three cards,# then discard a card from your hand.;;108;;FAUX;FAUX;FAUX;FAUX;FAUX;108;;;FAUX;;;;Nestor Papatriantafyllou;;;;;;;
ALT_EOLE_B_YZ_117_C;ALT_EOLE_B_YZ_117_C;YZ;COMMON;For the Greater Good;For the Greater Good;;;;SPELL;DISRUPTION;2;2;;;;[FLEETING].  Discard a card from your hand. If you do, discard target card in play with Base Cost {3} or less. (Its Base Cost is the Reserve Cost if Fleeting, the Hand Cost otherwise.);;109;;FAUX;FAUX;FAUX;FAUX;FAUX;109;;;FAUX;;;;Zero Wen;;;;;;;
ALT_EOLE_B_YZ_117_R1;ALT_EOLE_B_YZ_117_C;YZ;RARE;For the Greater Good;For the Greater Good;;;;SPELL;DISRUPTION;2;2;;;;[FLEETING].  Discard a card from your hand. #Then,# discard target card in play with Base Cost #{5} or less.#;;109;;FAUX;FAUX;FAUX;FAUX;FAUX;109;;;FAUX;;;;Zero Wen;;;;;;;
ALT_EOLE_B_YZ_117_R2;ALT_EOLE_B_YZ_117_C;OR;RARE;For the Greater Good;For the Greater Good;;;;SPELL;DISRUPTION;2;2;;;;[FLEETING].  Discard a card from your hand. #Then,# discard target card in play with Base Cost #{5} or less.#;;109;;FAUX;FAUX;FAUX;FAUX;FAUX;109;;;FAUX;;;;Zero Wen;;;;;;;
ALT_EOLE_B_YZ_122_E;ALT_EOLE_B_YZ_122_C;YZ;EXALTED;Close the Breach!;Close the Breach!;;;;LANDMARK_PERMANENT;FEAT;3;3;;;;{J} Discard target Character with Base Cost {3} or less.  When you pass after your opponents — If you are first player, complete me.;[COMPLETED]: {T}, {1} : Target Character you control gains 1 boost, then [AFTER_YOU].;110;;FAUX;FAUX;FAUX;FAUX;FAUX;110;;;FAUX;;;;Anh Tung & Ba Vo;;;;;;;
ALT_EOLE_B_YZ_121_C;ALT_EOLE_B_YZ_121_C;YZ;COMMON;Push Back the Night;Push Back the Night;;;;LANDMARK_PERMANENT;FEAT;3;3;;;;{J} Draw a card.  At Noon — If six or more cards are in your discard pile, complete me.;[COMPLETED]: When a card is discarded from your hand — You may exhaust me ({T}) to create a [MANA_MOTH] Illusion token in target Expedition.;112;;FAUX;FAUX;FAUX;FAUX;FAUX;112;;;FAUX;;;;Justice Wong;;;;;;;
ALT_EOLE_B_YZ_121_R1;ALT_EOLE_B_YZ_121_C;YZ;RARE;Push Back the Night;Push Back the Night;;;;LANDMARK_PERMANENT;FEAT;#2#;#2#;;;;{J} Draw a card, #then discard a card from your hand.#  At Noon — If six or more cards are in your discard pile, complete me.;[COMPLETED]: When a card is discarded from your hand — You may exhaust me ({T}) to create a [MANA_MOTH] Illusion token in target Expedition.;112;;FAUX;FAUX;FAUX;FAUX;FAUX;112;;;FAUX;;;;Justice Wong;;;;;;;
ALT_EOLE_B_YZ_121_R2;ALT_EOLE_B_YZ_121_C;AX;RARE;Push Back the Night;Push Back the Night;;;;LANDMARK_PERMANENT;FEAT;#2#;#2#;;;;{J} Draw a card, #then put a card from your hand in Reserve.#  At Noon — If six or more cards are in your discard pile, complete me.;[COMPLETED]: When #a card goes directly from your hand to Reserve# — You may exhaust me ({T}) to create a #[BRASSBUG] Robot# token in target Expedition.;112;;FAUX;FAUX;FAUX;FAUX;FAUX;112;;;FAUX;;;;Justice Wong;;;;;;;
ALT_EOLE_B_BR_123_C;ALT_EOLE_B_BR_123_C;BR;COMMON;Rust;Rust;;;;TOKEN;COMPANION;;;0;0;0;{J} I gain 1 boost per [COMPLETED_LOW] Feat in your Landmarks.;;113;;FAUX;FAUX;FAUX;FAUX;FAUX;113;;;FAUX;;;;Tristan Bideau;;;;;;;
